Region,Date,Frequency,Estimated Unemployment Rate (%),Estimated Employed,Estimated Labour Participation Rate (%),Area,Estimated Employment Rate (%),Estimated Labor Force,Estimated Unemployed,Estimated Working Population Proxy,Year,Month_Name,Is_Lockdown_Period
Andhra Pradesh,31-05-2019,Monthly,3.65,11999139.0,43.24,Rural,96.35,12453699,454560,28801339,2019,May,0
Andhra Pradesh,31-05-2019,Monthly,6.09,4788661.0,37.45,Urban,93.91,5099202,310541,13616028,2019,May,0
Andhra Pradesh,30-06-2019,Monthly,3.05,11755881.0,42.05,Rural,96.95,12125715,369834,28836422,2019,June,0
Andhra Pradesh,30-06-2019,Monthly,3.8,4824630.0,36.76,Urban,96.2,5015208,190578,13643112,2019,June,0
Andhra Pradesh,31-07-2019,Monthly,3.75,12086707.0,43.5,Rural,96.25,12557618,470911,28868087,2019,July,0
Andhra Pradesh,31-07-2019,Monthly,5.64,4657443.0,36.1,Urban,94.36,4935823,278380,13672641,2019,July,0
Andhra Pradesh,31-08-2019,Monthly,3.32,12285693.0,43.97,Rural,96.68,12707585,421892,28900580,2019,August,0
Andhra Pradesh,31-08-2019,Monthly,4.61,4743179.0,36.29,Urban,95.39,4972407,229228,13701865,2019,August,0
Andhra Pradesh,30-09-2019,Monthly,5.17,12256762.0,44.68,Rural,94.83,12924984,668222,28927895,2019,September,0
Andhra Pradesh,30-09-2019,Monthly,6.01,4733996.0,36.69,Urban,93.99,5036702,302706,13727724,2019,September,0
Andhra Pradesh,31-10-2019,Monthly,3.52,12017412.0,43.01,Rural,96.48,12455858,438446,28960377,2019,October,0
Andhra Pradesh,31-10-2019,Monthly,4.7,4774377.0,36.41,Urban,95.3,5009839,235462,13759515,2019,October,0
Andhra Pradesh,30-11-2019,Monthly,4.12,11397681.0,41.0,Rural,95.88,11887444,489763,28993765,2019,November,0
Andhra Pradesh,30-11-2019,Monthly,7.54,4668772.0,36.62,Urban,92.46,5049505,380733,13788926,2019,November,0
Andhra Pradesh,31-12-2019,Monthly,4.38,12528395.0,45.14,Rural,95.62,13102275,573880,29025863,2019,December,0
Andhra Pradesh,31-12-2019,Monthly,7.88,4913963.0,38.61,Urban,92.12,5334306,420343,13815867,2019,December,0
Andhra Pradesh,31-01-2020,Monthly,4.84,12016676.0,43.46,Rural,95.16,12627865,611189,29056292,2020,January,0
Andhra Pradesh,31-01-2020,Monthly,7.11,4618860.0,35.91,Urban,92.89,4972397,353537,13846832,2020,January,0
Andhra Pradesh,29-02-2020,Monthly,5.91,11723617.0,42.83,Rural,94.09,12460003,736386,29091766,2020,February,0
Andhra Pradesh,29-02-2020,Monthly,5.66,4822035.0,36.84,Urban,94.34,5111337,289302,13874421,2020,February,0
Andhra Pradesh,31-03-2020,Monthly,4.06,11359660.0,40.66,Rural,95.94,11840379,480719,29120461,2020,March,0
Andhra Pradesh,31-03-2020,Monthly,9.88,4521537.0,36.08,Urban,90.12,5017240,495703,13905877,2020,March,0
Andhra Pradesh,30-04-2020,Monthly,16.29,8792827.0,36.03,Rural,83.71000000000001,10503915,1711088,29153246,2020,April,1
Andhra Pradesh,30-04-2020,Monthly,32.3,2544084.0,26.97,Urban,67.7,3757879,1213795,13933552,2020,April,1
Andhra Pradesh,31-05-2020,Monthly,14.46,9526902.0,38.16,Rural,85.53999999999999,11137365,1610463,29185967,2020,May,1
Andhra Pradesh,31-05-2020,Monthly,24.91,3428356.0,32.69,Urban,75.09,4565663,1137307,13966542,2020,May,1
Andhra Pradesh,30-06-2020,Monthly,0.85,15572975.0,53.76,Rural,99.15,15706480,133505,29215923,2020,June,1
Andhra Pradesh,30-06-2020,Monthly,5.86,4954389.0,37.61,Urban,94.14,5262788,308399,13993056,2020,June,1
Assam,31-05-2019,Monthly,4.29,11749334.0,57.39,Rural,95.71,12275973,526639,21390440,2019,May,0
Assam,31-05-2019,Monthly,7.87,1671707.0,44.92,Urban,92.13,1814509,142802,4039423,2019,May,0
Assam,30-06-2019,Monthly,5.08,8923222.0,43.87,Rural,94.92,9400782,477560,21428725,2019,June,0
Assam,30-06-2019,Monthly,9.89,1647342.0,45.17,Urban,90.11,1828146,180804,4047256,2019,June,0
Assam,31-07-2019,Monthly,4.26,9911534.0,48.21,Rural,95.74,10352553,441019,21473870,2019,July,0
Assam,31-07-2019,Monthly,3.21,1739838.0,44.32,Urban,96.79,1797539,57701,4055819,2019,July,0
Assam,31-08-2019,Monthly,5.79,9292039.0,45.83,Rural,94.21,9863113,571074,21521085,2019,August,0
Assam,31-08-2019,Monthly,10.39,1595582.0,43.81,Urban,89.61,1780585,185003,4064334,2019,August,0
Assam,30-09-2019,Monthly,4.46,11468349.0,55.67,Rural,95.54,12003715,535366,21562268,2019,September,0
Assam,30-09-2019,Monthly,9.26,1576480.0,42.66,Urban,90.74,1737359,160879,4072573,2019,September,0
Assam,31-10-2019,Monthly,4.65,8395906.0,40.76,Rural,95.35,8805355,409449,21602932,2019,October,0
Assam,31-10-2019,Monthly,11.17,1595176.0,44.01,Urban,88.83,1795763,200587,4080351,2019,October,0
Assam,30-11-2019,Monthly,4.66,9625362.0,46.64,Rural,95.34,10095828,470466,21646286,2019,November,0
Assam,30-11-2019,Monthly,6.31,1708045.0,44.59,Urban,93.69,1823081,115036,4088543,2019,November,0
Assam,31-12-2019,Monthly,5.02,1722303.0,44.26,Urban,94.98,1813332,91029,4097000,2019,December,0
Assam,31-01-2020,Monthly,4.29,11420996.0,54.9,Rural,95.71,11932918,511922,21735734,2020,January,0
Assam,31-01-2020,Monthly,7.24,1630908.0,42.82,Urban,92.76,1758202,127294,4106029,2020,January,0
Assam,29-02-2020,Monthly,3.26,8462814.0,40.17,Rural,96.74,8747999,285185,21777443,2020,February,0
Assam,29-02-2020,Monthly,9.98,1625454.0,43.9,Urban,90.02,1805659,180205,4113118,2020,February,0
Assam,31-03-2020,Monthly,3.77,9878742.0,47.05,Rural,96.23,10265761,387019,21818834,2020,March,0
Assam,31-03-2020,Monthly,10.34,1664145.0,45.03,Urban,89.66,1856062,191917,4121834,2020,March,0
Assam,30-04-2020,Monthly,8.37,1454956.0,38.45,Urban,91.63,1587860,132904,4129675,2020,April,1
Assam,31-05-2020,Monthly,9.38,9926176.0,50.0,Rural,90.62,10953626,1027450,21907252,2020,May,1
Assam,31-05-2020,Monthly,10.77,1441722.0,39.04,Urban,89.23,1615737,174015,4138670,2020,May,1
Assam,30-06-2020,Monthly,0.0,7544937.0,34.38,Rural,100.0,7544937,0,21945716,2020,June,1
Assam,30-06-2020,Monthly,3.42,1551007.0,38.73,Urban,96.58,1605930,54923,4146475,2020,June,1
Bihar,31-05-2019,Monthly,9.27,24322330.0,39.75,Rural,90.73,26807374,2485044,67439933,2019,May,0
Bihar,31-05-2019,Monthly,19.9,3029344.0,39.8,Urban,80.1,3781953,752609,9502393,2019,May,0
Bihar,30-06-2019,Monthly,10.2,24097712.0,39.71,Rural,89.8,26834869,2737157,67577106,2019,June,0
Bihar,30-06-2019,Monthly,13.29,3248864.0,39.35,Urban,86.71000000000001,3746816,497952,9521768,2019,June,0
Bihar,31-07-2019,Monthly,13.44,23248875.0,39.66,Rural,86.56,26858682,3609807,67722345,2019,July,0
Bihar,31-07-2019,Monthly,16.41,3059744.0,38.36,Urban,83.59,3660419,600675,9542280,2019,July,0
Bihar,31-08-2019,Monthly,11.0,22260203.0,36.85,Rural,89.0,25011464,2751261,67873715,2019,August,0
Bihar,31-08-2019,Monthly,17.66,2994763.0,38.03,Urban,82.34,3637069,642306,9563685,2019,August,0
Bihar,30-09-2019,Monthly,8.87,23905700.0,38.57,Rural,91.13,26232525,2326825,68012769,2019,September,0
Bihar,30-09-2019,Monthly,20.46,2992082.0,39.25,Urban,79.53999999999999,3761732,769650,9584032,2019,September,0
Bihar,31-10-2019,Monthly,12.47,24053140.0,40.31,Rural,87.53,27479881,3426741,68171375,2019,October,0
Bihar,31-10-2019,Monthly,14.06,3173429.0,38.45,Urban,85.94,3692610,519181,9603667,2019,October,0
Bihar,30-11-2019,Monthly,12.4,22445989.0,37.51,Rural,87.6,25623275,3177286,68310517,2019,November,0
Bihar,30-11-2019,Monthly,17.62,3081077.0,38.86,Urban,82.38,3740079,659002,9624495,2019,November,0
Bihar,31-12-2019,Monthly,10.16,22914530.0,37.25,Rural,89.84,25505933,2591403,68472303,2019,December,0
Bihar,31-12-2019,Monthly,14.91,2977857.0,36.29,Urban,85.09,3499656,521799,9643581,2019,December,0
Bihar,31-01-2020,Monthly,9.13,23409006.0,37.54,Rural,90.87,25760984,2351978,68622759,2020,January,0
Bihar,31-01-2020,Monthly,20.69,2988665.0,38.99,Urban,79.31,3768333,779668,9664871,2020,January,0
Bihar,29-02-2020,Monthly,9.61,23168192.0,37.28,Rural,90.39,25631366,2463174,68753665,2020,February,0
Bihar,29-02-2020,Monthly,15.11,3113464.0,37.87,Urban,84.89,3667645,554181,9684830,2020,February,0
Bihar,31-03-2020,Monthly,15.39,22667882.0,38.88,Rural,84.61,26791020,4123138,68906944,2020,March,0
Bihar,31-03-2020,Monthly,15.73,3049637.0,37.29,Urban,84.27,3618888,569251,9704715,2020,March,0
Bihar,30-04-2020,Monthly,45.09,14645275.0,38.63,Rural,54.91,26671417,12026142,69043274,2020,April,1
Bihar,30-04-2020,Monthly,58.77,1400962.0,34.94,Urban,41.23,3397919,1996957,9725011,2020,April,1
Bihar,31-05-2020,Monthly,47.26,14050319.0,38.5,Rural,52.74,26640726,12590407,69196691,2020,May,1
Bihar,31-05-2020,Monthly,37.87,2207026.0,36.45,Urban,62.13,3552271,1345245,9745600,2020,May,1
Bihar,30-06-2020,Monthly,20.49,20622566.0,37.4,Rural,79.51,25937072,5314506,69350460,2020,June,1
Bihar,30-06-2020,Monthly,12.45,3124663.0,36.54,Urban,87.55,3569004,444341,9767389,2020,June,1
Chandigarh,31-05-2019,Monthly,18.35,348042.0,44.89,Urban,81.65,426261,78219,949568,2019,May,0
Chandigarh,30-06-2019,Monthly,12.4,337145.0,40.44,Urban,87.6,384869,47724,951703,2019,June,0
Chandigarh,31-07-2019,Monthly,21.8,294379.0,39.47,Urban,78.2,376444,82065,953746,2019,July,0
Chandigarh,31-08-2019,Monthly,9.52,328282.0,37.95,Urban,90.48,362823,34541,956055,2019,August,0
Chandigarh,30-09-2019,Monthly,20.14,327239.0,42.77,Urban,79.86,409766,82527,958068,2019,September,0
Chandigarh,31-10-2019,Monthly,13.99,330856.0,40.06,Urban,86.01,384672,53816,960239,2019,October,0
Chandigarh,30-11-2019,Monthly,22.05,289593.0,38.6,Urban,77.95,371511,81918,962464,2019,November,0
Chandigarh,31-12-2019,Monthly,8.33,311146.0,35.19,Urban,91.67,339420,28274,964534,2019,December,0
Chandigarh,31-01-2020,Monthly,20.0,332062.0,42.94,Urban,80.0,415078,83016,966645,2020,January,0
Chandigarh,29-02-2020,Monthly,16.67,316887.0,39.25,Urban,83.33,380280,63393,968865,2020,February,0
Chandigarh,31-03-2020,Monthly,21.43,279839.0,36.68,Urban,78.57,356165,76326,971007,2020,March,0
Chandigarh,30-06-2020,Monthly,7.22,306505.0,33.8,Urban,92.78,330357,23852,977387,2020,June,1
Chhattisgarh,31-05-2019,Monthly,9.82,6259019.0,42.89,Rural,90.18,6940584,681565,16182290,2019,May,0
Chhattisgarh,31-05-2019,Monthly,9.77,2223129.0,45.61,Urban,90.23,2463847,240718,5401988,2019,May,0
Chhattisgarh,30-06-2019,Monthly,6.76,6608626.0,43.71,Rural,93.24,7087758,479132,16215416,2019,June,0
Chhattisgarh,30-06-2019,Monthly,11.77,2192020.0,45.88,Urban,88.23,2484438,292418,5415079,2019,June,0
Chhattisgarh,31-07-2019,Monthly,4.54,6753622.0,43.53,Rural,95.46,7074819,321197,16252742,2019,July,0
Chhattisgarh,31-07-2019,Monthly,8.17,2285436.0,45.85,Urban,91.83,2488768,203332,5428066,2019,July,0
Chhattisgarh,31-08-2019,Monthly,4.64,6607694.0,42.55,Rural,95.36,6929209,321515,16284863,2019,August,0
Chhattisgarh,31-08-2019,Monthly,6.29,2392400.0,46.91,Urban,93.71,2552983,160583,5442299,2019,August,0
Chhattisgarh,30-09-2019,Monthly,8.33,6490776.0,43.38,Rural,91.67,7080589,589813,16322243,2019,September,0
Chhattisgarh,30-09-2019,Monthly,9.46,2311507.0,46.8,Urban,90.53999999999999,2553023,241516,5455177,2019,September,0
Chhattisgarh,31-10-2019,Monthly,6.96,7043840.0,46.28,Rural,93.04,7570765,526925,16358611,2019,October,0
Chhattisgarh,31-10-2019,Monthly,10.27,2297096.0,46.82,Urban,89.73,2560009,262913,5467768,2019,October,0
Chhattisgarh,30-11-2019,Monthly,2.77,6942931.0,43.56,Rural,97.23,7140729,197798,16392859,2019,November,0
Chhattisgarh,30-11-2019,Monthly,8.32,2341284.0,46.59,Urban,91.68,2553757,212473,5481341,2019,November,0
Chhattisgarh,31-12-2019,Monthly,6.11,6569385.0,42.59,Rural,93.89,6996895,427510,16428493,2019,December,0
Chhattisgarh,31-12-2019,Monthly,3.57,2415436.0,45.59,Urban,96.43,2504859,89423,5494318,2019,December,0
Chhattisgarh,31-01-2020,Monthly,9.89,6236201.0,42.03,Rural,90.11,6920654,684453,16465985,2020,January,0
Chhattisgarh,31-01-2020,Monthly,9.01,2315972.0,46.21,Urban,90.99,2545304,229332,5508124,2020,January,0
Chhattisgarh,29-02-2020,Monthly,7.89,6847173.0,45.05,Rural,92.11,7433691,586518,16500979,2020,February,0
Chhattisgarh,29-02-2020,Monthly,9.79,2347941.0,47.14,Urban,90.21000000000001,2602750,254809,5521320,2020,February,0
Chhattisgarh,31-03-2020,Monthly,7.31,6894808.0,44.98,Rural,92.69,7438567,543759,16537499,2020,March,0
Chhattisgarh,31-03-2020,Monthly,8.21,2407509.0,47.39,Urban,91.78999999999999,2622845,215336,5534595,2020,March,0
Chhattisgarh,30-04-2020,Monthly,0.0,6534321.0,39.43,Rural,100.0,6534321,0,16571953,2020,April,1
Chhattisgarh,30-04-2020,Monthly,20.13,1066126.0,24.06,Urban,79.87,1334827,268701,5547908,2020,April,1
Chhattisgarh,31-05-2020,Monthly,7.64,5454091.0,35.56,Rural,92.36,5905252,451161,16606446,2020,May,1
Chhattisgarh,31-05-2020,Monthly,24.1,1276291.0,30.24,Urban,75.9,1681543,405252,5560657,2020,May,1
Chhattisgarh,30-06-2020,Monthly,10.14,5781095.0,38.66,Rural,89.86,6433446,652351,16641093,2020,June,1
Chhattisgarh,30-06-2020,Monthly,27.07,1602231.0,39.41,Urban,72.93,2196944,594713,5574584,2020,June,1
Delhi,31-05-2019,Monthly,12.56,169487.0,42.33,Rural,87.44,193832,24345,457908,2019,May,0
Delhi,31-05-2019,Monthly,12.31,5756475.0,44.17,Urban,87.69,6564574,808099,14862065,2019,May,0
Delhi,30-06-2019,Monthly,9.33,149076.0,35.74,Rural,90.67,164416,15340,460034,2019,June,0
Delhi,30-06-2019,Monthly,12.76,5550172.0,42.71,Urban,87.24,6361958,811786,14895710,2019,June,0
Delhi,31-07-2019,Monthly,11.07,166605.0,40.53,Rural,88.93,187344,20739,462235,2019,July,0
Delhi,31-07-2019,Monthly,14.68,5393091.0,42.34,Urban,85.32,6321016,927925,14929183,2019,July,0
Delhi,31-08-2019,Monthly,17.18,135407.0,35.21,Rural,82.82,163496,28089,464344,2019,August,0
Delhi,31-08-2019,Monthly,13.52,5552510.0,42.9,Urban,86.48,6420571,868061,14966367,2019,August,0
Delhi,30-09-2019,Monthly,12.5,166056.0,40.68,Rural,87.5,189778,23722,466515,2019,September,0
Delhi,30-09-2019,Monthly,20.59,5642253.0,47.36,Urban,79.41,7105217,1462964,15002570,2019,September,0
Delhi,31-10-2019,Monthly,15.84,149511.0,37.9,Rural,84.16,177651,28140,468736,2019,October,0
Delhi,31-10-2019,Monthly,12.41,6030363.0,45.78,Urban,87.59,6884762,854399,15038799,2019,October,0
Delhi,30-11-2019,Monthly,11.11,178768.0,42.71,Rural,88.89,201111,22343,470877,2019,November,0
Delhi,30-11-2019,Monthly,16.11,5439600.0,43.02,Urban,83.89,6484206,1044606,15072537,2019,November,0
Delhi,31-12-2019,Monthly,16.97,145671.0,37.08,Rural,83.03,175444,29773,473149,2019,December,0
Delhi,31-12-2019,Monthly,11.07,5718337.0,42.56,Urban,88.93,6430155,711818,15108447,2019,December,0
Delhi,31-01-2020,Monthly,13.48,157791.0,38.36,Rural,86.52,182375,24584,475431,2020,January,0
Delhi,31-01-2020,Monthly,22.45,5647493.0,48.09,Urban,77.55,7282389,1634896,15143251,2020,January,0
Delhi,29-02-2020,Monthly,13.81,147500.0,35.84,Rural,86.19,171134,23634,477493,2020,February,0
Delhi,29-02-2020,Monthly,14.86,5708807.0,44.18,Urban,85.14,6705200,996393,15177002,2020,February,0
Delhi,31-03-2020,Monthly,15.18,152413.0,37.45,Rural,84.82,179690,27277,479813,2020,March,0
Delhi,31-03-2020,Monthly,17.09,5401392.0,42.82,Urban,82.91,6514765,1113373,15214305,2020,March,0
Delhi,30-04-2020,Monthly,20.69,115487.0,30.21,Rural,79.31,145615,30128,482008,2020,April,1
Delhi,30-04-2020,Monthly,16.51,3003787.0,23.59,Urban,83.49,3597781,593994,15251295,2020,April,1
Delhi,31-05-2020,Monthly,22.76,129610.0,34.65,Rural,77.24,167802,38192,484276,2020,May,1
Delhi,31-05-2020,Monthly,45.78,2343783.0,28.28,Urban,54.22,4322728,1978945,15285459,2020,May,1
Delhi,30-06-2020,Monthly,21.14,112108.0,29.22,Rural,78.86,142161,30053,486519,2020,June,1
Delhi,30-06-2020,Monthly,18.11,4306807.0,34.32,Urban,81.89,5259259,952452,15324181,2020,June,1
Goa,31-05-2019,Monthly,2.91,179340.0,39.16,Rural,97.09,184715,5375,471694,2019,May,0
Goa,31-05-2019,Monthly,2.75,264855.0,34.17,Urban,97.25,272344,7489,797028,2019,May,0
Goa,30-06-2019,Monthly,5.45,170471.0,38.19,Rural,94.55,180297,9826,472106,2019,June,0
Goa,30-06-2019,Monthly,13.33,304015.0,43.96,Urban,86.67,350773,46758,797937,2019,June,0
Goa,31-07-2019,Monthly,10.98,167437.0,39.81,Rural,89.02,188089,20652,472467,2019,July,0
Goa,31-07-2019,Monthly,12.28,280367.0,40.0,Urban,87.72,319616,39249,799040,2019,July,0
Goa,31-08-2019,Monthly,1.98,183603.0,39.61,Rural,98.02,187312,3709,472890,2019,August,0
Goa,31-08-2019,Monthly,4.9,243277.0,31.97,Urban,95.1,255812,12535,800162,2019,August,0
Goa,30-09-2019,Monthly,3.61,163215.0,35.78,Rural,96.39,169328,6113,473247,2019,September,0
Goa,30-09-2019,Monthly,3.16,309643.0,39.92,Urban,96.84,319747,10104,800969,2019,September,0
Goa,31-10-2019,Monthly,7.21,177440.0,40.36,Rural,92.79,191228,13788,473805,2019,October,0
Goa,31-10-2019,Monthly,12.31,290264.0,41.27,Urban,87.69,331012,40748,802063,2019,October,0
Goa,30-11-2019,Monthly,23.71,159489.0,44.09,Rural,76.28999999999999,209056,49567,474158,2019,November,0
Goa,30-11-2019,Monthly,25.2,271612.0,45.22,Urban,74.8,363118,91506,803002,2019,November,0
Goa,31-12-2019,Monthly,3.54,177155.0,38.7,Rural,96.46,183656,6501,474564,2019,December,0
Goa,31-12-2019,Monthly,16.22,288154.0,42.77,Urban,83.78,343941,55787,804165,2019,December,0
Goa,31-01-2020,Monthly,5.38,158936.0,35.36,Rural,94.62,167973,9037,475037,2020,January,0
Goa,31-01-2020,Monthly,10.92,257814.0,35.95,Urban,89.08,289419,31605,805058,2020,January,0
Goa,29-02-2020,Monthly,0.0,171672.0,36.11,Rural,100.0,171672,0,475414,2020,February,0
Goa,29-02-2020,Monthly,4.31,306396.0,39.73,Urban,95.69,320196,13800,805931,2020,February,0
Goa,31-03-2020,Monthly,4.76,277093.0,36.05,Urban,95.24,290942,13849,807051,2020,March,0
Goa,30-04-2020,Monthly,15.91,181657.0,45.36,Rural,84.09,216027,34370,476250,2020,April,1
Goa,30-04-2020,Monthly,11.76,318957.0,44.74,Urban,88.24,361465,42508,807924,2020,April,1
Goa,31-05-2020,Monthly,20.0,128538.0,33.71,Rural,80.0,160672,32134,476632,2020,May,1
Gujarat,31-05-2019,Monthly,2.88,13954728.0,52.03,Rural,97.12,14368542,413814,27615879,2019,May,0
Gujarat,31-05-2019,Monthly,4.09,9686558.0,41.67,Urban,95.91,10099633,413075,24237180,2019,May,0
Gujarat,30-06-2019,Monthly,4.77,13199281.0,50.12,Rural,95.23,13860423,661142,27654476,2019,June,0
Gujarat,30-06-2019,Monthly,6.31,10144965.0,44.57,Urban,93.69,10828226,683261,24294876,2019,June,0
Gujarat,31-07-2019,Monthly,4.58,14327083.0,54.21,Rural,95.42,15014759,687676,27697397,2019,July,0
Gujarat,31-07-2019,Monthly,5.15,9828023.0,42.54,Urban,94.85,10361648,533625,24357423,2019,July,0
Gujarat,31-08-2019,Monthly,3.7,13507342.0,50.57,Rural,96.3,14026316,518974,27736436,2019,August,0
Gujarat,31-08-2019,Monthly,4.2,10228154.0,43.72,Urban,95.8,10676570,448416,24420334,2019,August,0
Gujarat,30-09-2019,Monthly,6.29,13280783.0,51.01,Rural,93.71,14172215,891432,27783210,2019,September,0
Gujarat,30-09-2019,Monthly,5.96,9609939.0,41.75,Urban,94.04,10218991,609052,24476625,2019,September,0
Gujarat,31-10-2019,Monthly,4.91,13828512.0,52.27,Rural,95.09,14542551,714039,27821984,2019,October,0
Gujarat,31-10-2019,Monthly,5.45,10474217.0,45.14,Urban,94.55,11077966,603749,24541352,2019,October,0
Gujarat,30-11-2019,Monthly,4.68,14487815.0,54.55,Rural,95.32,15199134,711319,27862758,2019,November,0
Gujarat,30-11-2019,Monthly,7.53,9896129.0,43.5,Urban,92.47,10701989,805860,24602273,2019,November,0
Gujarat,31-12-2019,Monthly,3.46,13877825.0,51.51,Rural,96.54,14375207,497382,27907605,2019,December,0
Gujarat,31-12-2019,Monthly,5.71,10172812.0,43.75,Urban,94.29,10788856,616044,24660242,2019,December,0
Gujarat,31-01-2020,Monthly,5.35,14301844.0,54.07,Rural,94.65,15110242,808398,27945704,2020,January,0
Gujarat,31-01-2020,Monthly,5.82,9824501.0,42.19,Urban,94.18,10431621,607120,24725341,2020,January,0
Gujarat,29-02-2020,Monthly,6.64,13973042.0,53.48,Rural,93.36,14966840,993798,27985864,2020,February,0
Gujarat,29-02-2020,Monthly,6.04,10784753.0,46.31,Urban,93.96,11478026,693273,24785199,2020,February,0
Gujarat,31-03-2020,Monthly,7.59,13483615.0,52.06,Rural,92.41,14591078,1107463,28027426,2020,March,0
Gujarat,31-03-2020,Monthly,5.39,10083026.0,42.9,Urban,94.61,10657463,574437,24842572,2020,March,0
Gujarat,30-04-2020,Monthly,12.0,8587594.0,34.77,Rural,88.0,9758630,1171036,28066234,2020,April,1
Gujarat,30-04-2020,Monthly,25.94,6701284.0,36.33,Urban,74.06,9048453,2347169,24906283,2020,April,1
Gujarat,31-05-2020,Monthly,14.58,11121124.0,46.31,Rural,85.42,13019344,1898220,28113462,2020,May,1
Gujarat,31-05-2020,Monthly,11.62,6072776.0,27.52,Urban,88.38,6871211,798435,24968062,2020,May,1
Gujarat,30-06-2020,Monthly,1.41,13243922.0,47.72,Rural,98.59,13433332,189410,28150318,2020,June,1
Gujarat,30-06-2020,Monthly,4.54,10574711.0,44.26,Urban,95.46,11077636,502925,25028549,2020,June,1
Haryana,31-05-2019,Monthly,14.54,5249186.0,45.12,Rural,85.46000000000001,6142272,893086,13613192,2019,May,0
Haryana,31-05-2019,Monthly,24.67,2693596.0,43.18,Urban,75.33,3575728,882132,8280982,2019,May,0
Haryana,30-06-2019,Monthly,23.08,4745178.0,45.23,Rural,76.92,6168978,1423800,13639129,2019,June,0
Haryana,30-06-2019,Monthly,20.42,2845190.0,43.06,Urban,79.58,3575258,730068,8302967,2019,June,0
Haryana,31-07-2019,Monthly,16.22,4826560.0,42.17,Rural,83.78,5760993,934433,13661354,2019,July,0
Haryana,31-07-2019,Monthly,25.45,2405973.0,38.77,Urban,74.55,3227328,821355,8324292,2019,July,0
Haryana,31-08-2019,Monthly,30.94,4558306.0,48.23,Rural,69.06,6600501,2042195,13685468,2019,August,0
Haryana,31-08-2019,Monthly,24.19,2523005.0,39.87,Urban,75.81,3328064,805059,8347288,2019,August,0
Haryana,30-09-2019,Monthly,16.36,5127956.0,44.72,Rural,83.64,6130985,1003029,13709716,2019,September,0
Haryana,30-09-2019,Monthly,26.84,2675862.0,43.7,Urban,73.16,3657548,981686,8369675,2019,September,0
Haryana,31-10-2019,Monthly,24.17,4798833.0,46.07,Rural,75.83,6328410,1529577,13736509,2019,October,0
Haryana,31-10-2019,Monthly,21.04,2821456.0,42.58,Urban,78.96000000000001,3573273,751817,8391904,2019,October,0
Haryana,30-11-2019,Monthly,16.59,4875763.0,42.48,Rural,83.41,5845538,969775,13760682,2019,November,0
Haryana,30-11-2019,Monthly,27.06,2404239.0,39.18,Urban,72.94,3296187,891948,8412933,2019,November,0
Haryana,31-12-2019,Monthly,29.56,4603484.0,47.4,Rural,70.44,6535327,1931843,13787609,2019,December,0
Haryana,31-12-2019,Monthly,23.65,2548835.0,39.57,Urban,76.35,3338356,789521,8436584,2019,December,0
Haryana,31-01-2020,Monthly,16.21,5062293.0,43.74,Rural,83.78999999999999,6041643,979350,13812628,2020,January,0
Haryana,31-01-2020,Monthly,27.24,2630938.0,42.75,Urban,72.76,3615913,984975,8458275,2020,January,0
Haryana,29-02-2020,Monthly,27.19,4570108.0,45.37,Rural,72.81,6276759,1706651,13834601,2020,February,0
Haryana,29-02-2020,Monthly,23.29,2752834.0,42.32,Urban,76.71000000000001,3588625,835791,8479737,2020,February,0
Haryana,31-03-2020,Monthly,23.92,4366148.0,41.4,Rural,76.08,5738891,1372743,13862055,2020,March,0
Haryana,31-03-2020,Monthly,27.14,2275407.0,36.73,Urban,72.86,3122985,847578,8502546,2020,March,0
Haryana,30-04-2020,Monthly,41.61,4041050.0,49.85,Rural,58.39,6920791,2879741,13883232,2020,April,1
Haryana,30-04-2020,Monthly,46.89,1606580.0,35.48,Urban,53.11,3025005,1418425,8525943,2020,April,1
Haryana,31-05-2020,Monthly,34.22,3914193.0,42.78,Rural,65.78,5950430,2036237,13909374,2020,May,1
Haryana,31-05-2020,Monthly,38.46,2013083.0,38.27,Urban,61.54,3271178,1258095,8547630,2020,May,1
Haryana,30-06-2020,Monthly,35.57,4357835.0,48.53,Rural,64.43,6763674,2405839,13937098,2020,June,1
Haryana,30-06-2020,Monthly,29.41,2304138.0,38.09,Urban,70.59,3264114,959976,8569477,2020,June,1
Himachal Pradesh,31-05-2019,Monthly,13.68,2045760.0,44.23,Rural,86.32,2369972,324212,5358291,2019,May,0
Himachal Pradesh,31-05-2019,Monthly,10.88,245668.0,45.27,Urban,89.12,275660,29992,608924,2019,May,0
Himachal Pradesh,30-06-2019,Monthly,11.43,1957081.0,41.18,Rural,88.57,2209643,252562,5365816,2019,June,0
Himachal Pradesh,30-06-2019,Monthly,21.43,237576.0,49.58,Urban,78.57,302375,64799,609873,2019,June,0
Himachal Pradesh,31-07-2019,Monthly,20.59,1916824.0,44.91,Rural,79.41,2413832,497008,5374821,2019,July,0
Himachal Pradesh,31-07-2019,Monthly,21.51,235894.0,49.22,Urban,78.49,300540,64646,610606,2019,July,0
Himachal Pradesh,31-08-2019,Monthly,18.56,1969248.0,44.91,Rural,81.44,2418035,448787,5384180,2019,August,0
Himachal Pradesh,31-08-2019,Monthly,24.48,236315.0,51.17,Urban,75.52,312917,76602,611525,2019,August,0
Himachal Pradesh,30-09-2019,Monthly,15.98,2039804.0,45.02,Rural,84.02,2427760,387956,5392626,2019,September,0
Himachal Pradesh,30-09-2019,Monthly,12.0,247210.0,45.87,Urban,88.0,280920,33710,612427,2019,September,0
Himachal Pradesh,31-10-2019,Monthly,15.81,1946957.0,42.81,Rural,84.19,2312575,365618,5401951,2019,October,0
Himachal Pradesh,31-10-2019,Monthly,23.77,232322.0,49.69,Urban,76.23,304765,72443,613332,2019,October,0
Himachal Pradesh,30-11-2019,Monthly,22.86,2024409.0,48.5,Rural,77.14,2624331,599922,5410992,2019,November,0
Himachal Pradesh,30-11-2019,Monthly,27.27,233029.0,52.17,Urban,72.73,320403,87374,614152,2019,November,0
Himachal Pradesh,31-12-2019,Monthly,19.46,1922821.0,44.05,Rural,80.53999999999999,2387411,464590,5419776,2019,December,0
Himachal Pradesh,31-12-2019,Monthly,25.32,241366.0,52.55,Urban,74.68,323200,81834,615034,2019,December,0
Himachal Pradesh,31-01-2020,Monthly,16.67,2041035.0,45.11,Rural,83.33,2449340,408305,5429705,2020,January,0
Himachal Pradesh,31-01-2020,Monthly,18.15,246596.0,48.92,Urban,81.85,301278,54682,615858,2020,January,0
Himachal Pradesh,29-02-2020,Monthly,15.42,1952464.0,42.45,Rural,84.58,2308423,355959,5437981,2020,February,0
Himachal Pradesh,29-02-2020,Monthly,27.31,227804.0,50.82,Urban,72.69,313391,85587,616669,2020,February,0
Himachal Pradesh,31-03-2020,Monthly,17.71,1800426.0,40.17,Rural,82.28999999999999,2187904,387478,5446611,2020,March,0
Himachal Pradesh,31-03-2020,Monthly,26.44,221432.0,48.74,Urban,73.56,301022,79590,617608,2020,March,0
Himachal Pradesh,30-04-2020,Monthly,2.13,984171.0,18.43,Rural,97.87,1005590,21419,5456267,2020,April,1
Himachal Pradesh,30-04-2020,Monthly,2.7,146957.0,24.42,Urban,97.3,151035,4078,618489,2020,April,1
Himachal Pradesh,31-05-2020,Monthly,25.64,1732050.0,42.62,Rural,74.36,2329276,597226,5465219,2020,May,1
Himachal Pradesh,31-05-2020,Monthly,50.0,134868.0,43.55,Urban,50.0,269736,134868,619371,2020,May,1
Himachal Pradesh,30-06-2020,Monthly,1.12,2230075.0,41.2,Rural,98.88,2255335,25260,5474113,2020,June,1
Himachal Pradesh,30-06-2020,Monthly,10.81,224902.0,40.66,Urban,89.19,252161,27259,620169,2020,June,1
Jammu & Kashmir,31-05-2019,Monthly,12.78,2495186.0,40.57,Rural,87.22,2860796,365610,7051505,2019,May,0
Jammu & Kashmir,31-05-2019,Monthly,23.04,1130139.0,46.74,Urban,76.96000000000001,1468476,338337,3141797,2019,May,0
Jammu & Kashmir,30-06-2019,Monthly,12.09,2423742.0,39.02,Rural,87.91,2757072,333330,7065792,2019,June,0
Jammu & Kashmir,30-06-2019,Monthly,19.88,1139815.0,45.17,Urban,80.12,1422635,282820,3149513,2019,June,0
Jammu & Kashmir,31-07-2019,Monthly,13.67,2549316.0,41.71,Rural,86.33,2952990,403674,7079812,2019,July,0
Jammu & Kashmir,31-07-2019,Monthly,21.55,1183770.0,47.8,Urban,78.45,1508948,325178,3156796,2019,July,0
Jammu & Kashmir,31-08-2019,Monthly,11.32,2778624.0,44.17,Rural,88.68,3133315,354691,7093763,2019,August,0
Jammu & Kashmir,31-10-2019,Monthly,19.27,2477621.0,43.08,Rural,80.73,3069021,591400,7124005,2019,October,0
Jammu & Kashmir,31-10-2019,Monthly,24.06,1029087.0,42.63,Urban,75.94,1355132,326045,3178822,2019,October,0
Jammu & Kashmir,30-11-2019,Monthly,14.73,2415724.0,39.69,Rural,85.27,2833029,417305,7137892,2019,November,0
Jammu & Kashmir,30-11-2019,Monthly,14.29,1226793.0,44.92,Urban,85.71000000000001,1431330,204537,3186398,2019,November,0
Jammu & Kashmir,31-12-2019,Monthly,7.02,1209085.0,40.71,Urban,92.98,1300371,91286,3194230,2019,December,0
Jammu & Kashmir,31-01-2020,Monthly,22.19,2373488.0,42.56,Rural,77.81,3050364,676876,7167208,2020,January,0
Jammu & Kashmir,31-01-2020,Monthly,18.54,1079537.0,41.4,Urban,81.46000000000001,1325236,245699,3201052,2020,January,0
Jammu & Kashmir,29-02-2020,Monthly,21.23,2163397.0,38.25,Rural,78.77,2746473,583076,7180322,2020,February,0
Jammu & Kashmir,29-02-2020,Monthly,19.86,1060116.0,41.23,Urban,80.14,1322830,262714,3208416,2020,February,0
Jammu & Kashmir,31-03-2020,Monthly,16.0,2361004.0,39.06,Rural,84.0,2810719,449715,7195901,2020,March,0
Jammu & Kashmir,31-03-2020,Monthly,14.29,998103.0,36.21,Urban,85.71000000000001,1164512,166409,3215995,2020,March,0
Jammu & Kashmir,31-05-2020,Monthly,2.22,2716966.0,38.46,Rural,97.78,2778652,61686,7224784,2020,May,1
Jammu & Kashmir,31-05-2020,Monthly,12.96,937435.0,33.33,Urban,87.03999999999999,1077016,139581,3231372,2020,May,1
Jammu & Kashmir,30-06-2020,Monthly,18.97,2049617.0,34.94,Rural,81.03,2529455,479838,7239423,2020,June,1
Jharkhand,31-05-2019,Monthly,7.11,7035766.0,39.04,Rural,92.89,7574299,538533,19401380,2019,May,0
Jharkhand,31-05-2019,Monthly,17.23,2404033.0,43.25,Urban,82.77,2904474,500441,6715546,2019,May,0
Jharkhand,30-06-2019,Monthly,8.46,7319782.0,41.12,Rural,91.53999999999999,7996266,676484,19446172,2019,June,0
Jharkhand,30-06-2019,Monthly,20.51,2326911.0,43.51,Urban,79.49,2927300,600389,6727879,2019,June,0
Jharkhand,31-07-2019,Monthly,9.98,6958404.0,39.66,Rural,90.02,7729842,771438,19490273,2019,July,0
Jharkhand,31-07-2019,Monthly,15.67,2434579.0,42.82,Urban,84.33,2886967,452388,6742099,2019,July,0
Jharkhand,31-08-2019,Monthly,12.06,7015356.0,40.83,Rural,87.94,7977435,962079,19538170,2019,August,0
Jharkhand,31-08-2019,Monthly,20.25,2335406.0,43.35,Urban,79.75,2928409,593003,6755268,2019,August,0
Jharkhand,30-09-2019,Monthly,7.12,7500122.0,41.24,Rural,92.88,8075067,574945,19580666,2019,September,0
Jharkhand,30-09-2019,Monthly,21.16,2357627.0,44.18,Urban,78.84,2990394,632767,6768661,2019,September,0
Jharkhand,31-10-2019,Monthly,6.57,7761243.0,42.33,Rural,93.43,8307014,545771,19624412,2019,October,0
Jharkhand,31-10-2019,Monthly,19.05,2460196.0,44.82,Urban,80.95,3039155,578959,6780801,2019,October,0
Jharkhand,30-11-2019,Monthly,8.07,7279628.0,40.26,Rural,91.93,7918664,639036,19668813,2019,November,0
Jharkhand,30-11-2019,Monthly,17.34,2424281.0,43.17,Urban,82.66,2932835,508554,6793687,2019,November,0
Jharkhand,31-12-2019,Monthly,15.15,6873437.0,41.09,Rural,84.85,8100692,1227255,19714509,2019,December,0
Jharkhand,31-12-2019,Monthly,22.01,2290170.0,43.14,Urban,77.99,2936492,646322,6806889,2019,December,0
Jharkhand,31-01-2020,Monthly,6.16,7868736.0,42.43,Rural,93.84,8385269,516533,19762594,2020,January,0
Jharkhand,31-01-2020,Monthly,22.96,2329293.0,44.33,Urban,77.03999999999999,3023485,694192,6820404,2020,January,0
Jharkhand,29-02-2020,Monthly,9.06,7932402.0,44.05,Rural,90.94,8722676,790274,19801763,2020,February,0
Jharkhand,29-02-2020,Monthly,19.67,2493023.0,45.42,Urban,80.33,3103477,610454,6832842,2020,February,0
Jharkhand,31-03-2020,Monthly,5.01,7157454.0,37.96,Rural,94.99,7534955,377501,19849724,2020,March,0
Jharkhand,31-03-2020,Monthly,16.4,2480661.0,43.34,Urban,83.6,2967298,486637,6846557,2020,March,0
Jharkhand,30-04-2020,Monthly,41.72,4280434.0,36.92,Rural,58.28,7344602,3064168,19893288,2020,April,1
Jharkhand,30-04-2020,Monthly,61.48,1054829.0,39.92,Urban,38.52,2738393,1683564,6859702,2020,April,1
Jharkhand,31-05-2020,Monthly,55.1,3315038.0,37.03,Rural,44.9,7383158,4068120,19938315,2020,May,1
Jharkhand,31-05-2020,Monthly,70.17,830347.0,40.49,Urban,29.83,2783597,1953250,6874777,2020,May,1
Jharkhand,30-06-2020,Monthly,21.53,6375114.0,40.65,Rural,78.47,8124269,1749155,19985902,2020,June,1
Jharkhand,30-06-2020,Monthly,19.38,2244460.0,40.43,Urban,80.62,2783999,539539,6885973,2020,June,1
Karnataka,31-05-2019,Monthly,5.46,13911440.0,46.36,Rural,94.54,14714872,803432,31740449,2019,May,0
Karnataka,31-05-2019,Monthly,6.56,8638239.0,40.62,Urban,93.44,9244691,606452,22758963,2019,May,0
Karnataka,30-06-2019,Monthly,5.98,12888490.0,43.12,Rural,94.02,13708243,819753,31790916,2019,June,0
Karnataka,30-06-2019,Monthly,5.0,8862498.0,40.89,Urban,95.0,9328945,466447,22814735,2019,June,0
Karnataka,31-07-2019,Monthly,0.52,12169808.0,38.42,Rural,99.48,12233422,63614,31841285,2019,July,0
Karnataka,31-07-2019,Monthly,2.29,8738029.0,39.09,Urban,97.71,8942820,204791,22877512,2019,July,0
Karnataka,31-08-2019,Monthly,0.37,12686470.0,39.93,Rural,99.63,12733584,47114,31889768,2019,August,0
Karnataka,31-08-2019,Monthly,1.27,8614340.0,38.04,Urban,98.73,8725149,110809,22936775,2019,August,0
Karnataka,30-09-2019,Monthly,3.2,13741892.0,44.45,Rural,96.8,14196169,454277,31937389,2019,September,0
Karnataka,30-09-2019,Monthly,3.57,8647794.0,39.0,Urban,96.43,8967950,320156,22994743,2019,September,0
Karnataka,31-10-2019,Monthly,7.13,12803527.0,43.1,Rural,92.87,13786505,982978,31987250,2019,October,0
Karnataka,31-10-2019,Monthly,3.87,8799249.0,39.7,Urban,96.13,9153489,354240,23056647,2019,October,0
Karnataka,30-11-2019,Monthly,1.19,11537217.0,36.45,Rural,98.81,11676163,138946,32033370,2019,November,0
Karnataka,30-11-2019,Monthly,3.44,8613835.0,38.6,Urban,96.56,8920707,306872,23110641,2019,November,0
Karnataka,31-12-2019,Monthly,0.41,12756132.0,39.92,Rural,99.59,12808647,52515,32085790,2019,December,0
Karnataka,31-12-2019,Monthly,1.56,8592376.0,37.66,Urban,98.44,8728541,136165,23177221,2019,December,0
Karnataka,31-01-2020,Monthly,2.57,13938874.0,44.52,Rural,97.43,14306552,367678,32135113,2020,January,0
Karnataka,31-01-2020,Monthly,3.31,8749154.0,38.94,Urban,96.69,9048665,299511,23237455,2020,January,0
Karnataka,29-02-2020,Monthly,4.11,12753657.0,41.33,Rural,95.89,13300299,546642,32180739,2020,February,0
Karnataka,29-02-2020,Monthly,2.88,8924061.0,39.45,Urban,97.12,9188695,264634,23292004,2020,February,0
Karnataka,31-03-2020,Monthly,2.39,12853818.0,40.85,Rural,97.61,13168546,314728,32236343,2020,March,0
Karnataka,31-03-2020,Monthly,4.92,9225835.0,41.55,Urban,95.08,9703234,477399,23353151,2020,March,0
Karnataka,30-04-2020,Monthly,33.17,9330400.0,43.25,Rural,66.83,13961395,4630995,32280681,2020,April,1
Karnataka,30-04-2020,Monthly,25.12,7387995.0,42.14,Urban,74.88,9866446,2478451,23413494,2020,April,1
Karnataka,31-05-2020,Monthly,23.72,10626328.0,43.09,Rural,76.28,13930687,3304359,32329280,2020,May,1
Karnataka,31-05-2020,Monthly,15.88,8669258.0,43.9,Urban,84.12,10305823,1636565,23475678,2020,May,1
Karnataka,30-06-2020,Monthly,10.92,15396213.0,53.37,Rural,89.08,17283580,1887367,32384448,2020,June,1
Karnataka,30-06-2020,Monthly,6.12,8822411.0,39.93,Urban,93.88,9397540,575129,23535038,2020,June,1
Kerala,31-05-2019,Monthly,6.63,5184355.0,38.07,Rural,93.37,5552485,368130,14584935,2019,May,0
Kerala,31-05-2019,Monthly,6.11,4605913.0,36.65,Urban,93.89,4905648,299735,13385124,2019,May,0
Kerala,30-06-2019,Monthly,9.0,5605627.0,42.19,Rural,91.0,6160030,554403,14600687,2019,June,0
Kerala,30-06-2019,Monthly,6.67,4678374.0,37.42,Urban,93.33,5012723,334349,13395838,2019,June,0
Kerala,31-07-2019,Monthly,4.95,4855393.0,34.96,Rural,95.05,5108251,252858,14611703,2019,July,0
Kerala,31-07-2019,Monthly,7.58,4105211.0,33.13,Urban,92.42,4441908,336697,13407509,2019,July,0
Kerala,31-08-2019,Monthly,10.32,5233449.0,39.9,Rural,89.68,5835692,602243,14625796,2019,August,0
Kerala,31-08-2019,Monthly,7.69,4448650.0,35.91,Urban,92.31,4819250,370600,13420357,2019,August,0
Kerala,30-09-2019,Monthly,5.35,5400499.0,38.97,Rural,94.65,5705757,305258,14641409,2019,September,0
Kerala,30-09-2019,Monthly,5.52,4640642.0,36.57,Urban,94.48,4911772,271130,13431151,2019,September,0
Kerala,31-10-2019,Monthly,9.14,5328825.0,40.02,Rural,90.86,5864875,536050,14654859,2019,October,0
Kerala,31-10-2019,Monthly,5.35,4644510.0,36.49,Urban,94.65,4907036,262526,13447620,2019,October,0
Kerala,30-11-2019,Monthly,5.0,4557906.0,32.71,Rural,95.0,4797796,239890,14667673,2019,November,0
Kerala,30-11-2019,Monthly,6.71,4062767.0,32.36,Urban,93.29,4354987,292220,13457931,2019,November,0
Kerala,31-12-2019,Monthly,10.77,5065804.0,38.67,Rural,89.23,5677243,611439,14681260,2019,December,0
Kerala,31-12-2019,Monthly,7.31,4440283.0,35.56,Urban,92.69,4790466,350183,13471502,2019,December,0
Kerala,31-01-2020,Monthly,4.11,5307026.0,37.66,Rural,95.89,5534494,227468,14695947,2020,January,0
Kerala,31-01-2020,Monthly,6.65,4597507.0,36.53,Urban,93.35,4925021,327514,13482127,2020,January,0
Kerala,29-02-2020,Monthly,8.91,5203579.0,38.84,Rural,91.09,5712569,508990,14707953,2020,February,0
Kerala,29-02-2020,Monthly,6.08,4624444.0,36.48,Urban,93.92,4923812,299368,13497291,2020,February,0
Kerala,31-03-2020,Monthly,8.85,4141953.0,30.87,Rural,91.15,4544106,402153,14720137,2020,March,0
Kerala,31-03-2020,Monthly,9.14,4079775.0,33.24,Urban,90.86,4490177,410402,13508355,2020,March,0
Kerala,30-04-2020,Monthly,10.71,1754170.0,13.33,Rural,89.28999999999999,1964576,210406,14738005,2020,April,1
Kerala,30-04-2020,Monthly,21.43,2179106.0,20.51,Urban,78.57,2773458,594352,13522467,2020,April,1
Kerala,31-05-2020,Monthly,23.38,3799919.0,33.62,Rural,76.62,4959435,1159516,14751442,2020,May,1
Kerala,31-05-2020,Monthly,30.28,2826118.0,29.95,Urban,69.72,4053526,1227408,13534309,2020,May,1
Kerala,30-06-2020,Monthly,27.66,3952088.0,37.01,Rural,72.34,5463213,1511125,14761450,2020,June,1
Kerala,30-06-2020,Monthly,12.17,4601293.0,38.68,Urban,87.83,5238863,637570,13544112,2020,June,1
Madhya Pradesh,31-05-2019,Monthly,3.63,15349838.0,37.97,Rural,96.37,15928025,578187,41948974,2019,May,0
Madhya Pradesh,31-05-2019,Monthly,3.91,6692720.0,38.96,Urban,96.09,6965054,272334,17877448,2019,May,0
Madhya Pradesh,30-06-2019,Monthly,4.25,16294794.0,40.48,Rural,95.75,17018062,723268,42040666,2019,June,0
Madhya Pradesh,30-06-2019,Monthly,6.38,6509340.0,38.8,Urban,93.62,6952937,443597,17919942,2019,June,0
Madhya Pradesh,31-07-2019,Monthly,3.92,16274707.0,40.2,Rural,96.08,16938704,663997,42136080,2019,July,0
Madhya Pradesh,31-07-2019,Monthly,7.38,6266446.0,37.67,Urban,92.62,6765759,499313,17960603,2019,July,0
Madhya Pradesh,31-08-2019,Monthly,4.94,16559137.0,41.25,Rural,95.06,17419669,860532,42229500,2019,August,0
Madhya Pradesh,31-08-2019,Monthly,6.82,6809834.0,40.6,Urban,93.18,7308257,498423,18000633,2019,August,0
Madhya Pradesh,30-09-2019,Monthly,3.08,16159315.0,39.4,Rural,96.92,16672838,513523,42316849,2019,September,0
Madhya Pradesh,30-09-2019,Monthly,7.0,6655967.0,39.67,Urban,93.0,7156954,500987,18041225,2019,September,0
Madhya Pradesh,31-10-2019,Monthly,2.98,17060638.0,41.46,Rural,97.02,17584661,524023,42413557,2019,October,0
Madhya Pradesh,31-10-2019,Monthly,4.4,6603715.0,38.2,Urban,95.6,6907652,303937,18082858,2019,October,0
Madhya Pradesh,30-11-2019,Monthly,2.72,16306428.0,39.44,Rural,97.28,16762364,455936,42500924,2019,November,0
Madhya Pradesh,30-11-2019,Monthly,6.06,6459457.0,37.94,Urban,93.94,6876152,416695,18123753,2019,November,0
Madhya Pradesh,31-12-2019,Monthly,2.94,16854647.0,40.77,Rural,97.06,17365183,510536,42593042,2019,December,0
Madhya Pradesh,31-12-2019,Monthly,6.2,6787403.0,39.83,Urban,93.8,7236037,448634,18167304,2019,December,0
Madhya Pradesh,31-01-2020,Monthly,3.66,16183702.0,39.35,Rural,96.34,16798528,614826,42690033,2020,January,0
Madhya Pradesh,31-01-2020,Monthly,5.17,6834930.0,39.59,Urban,94.83,7207561,372631,18205509,2020,January,0
Madhya Pradesh,29-02-2020,Monthly,4.42,16178044.0,39.57,Rural,95.58,16926181,748137,42775287,2020,February,0
Madhya Pradesh,29-02-2020,Monthly,4.96,6533435.0,37.68,Urban,95.04,6874406,340971,18244176,2020,February,0
Madhya Pradesh,31-03-2020,Monthly,1.19,16480441.0,38.9,Rural,98.81,16678920,198479,42876401,2020,March,0
Madhya Pradesh,31-03-2020,Monthly,4.8,6386723.0,36.68,Urban,95.2,6708743,322020,18289920,2020,March,0
Madhya Pradesh,30-04-2020,Monthly,12.5,14238959.0,37.88,Rural,87.5,16273096,2034137,42959599,2020,April,1
Madhya Pradesh,30-04-2020,Monthly,11.94,4802873.0,29.76,Urban,88.06,5454092,651219,18326920,2020,April,1
Madhya Pradesh,31-05-2020,Monthly,22.46,13099601.0,39.24,Rural,77.53999999999999,16893991,3794390,43052985,2020,May,1
Madhya Pradesh,31-05-2020,Monthly,40.49,3879934.0,35.49,Urban,59.51,6519802,2639868,18370814,2020,May,1
Madhya Pradesh,30-06-2020,Monthly,6.46,16748971.0,41.5,Rural,93.54,17905678,1156707,43146212,2020,June,1
Madhya Pradesh,30-06-2020,Monthly,12.72,6221562.0,38.72,Urban,87.28,7128279,906717,18409812,2020,June,1
Maharashtra,31-05-2019,Monthly,3.67,23896858.0,47.11,Rural,96.33,24807285,910427,52658216,2019,May,0
Maharashtra,31-05-2019,Monthly,6.08,16962574.0,38.3,Urban,93.92,18060662,1098088,47155776,2019,May,0
Maharashtra,30-06-2019,Monthly,4.34,23056511.0,45.69,Rural,95.66,24102562,1046051,52752380,2019,June,0
Maharashtra,30-06-2019,Monthly,6.46,17375053.0,39.3,Urban,93.54,18574998,1199945,47264626,2019,June,0
Maharashtra,31-07-2019,Monthly,3.66,24843750.0,48.8,Rural,96.34,25787575,943825,52843392,2019,July,0
Maharashtra,31-07-2019,Monthly,6.35,17215677.0,38.81,Urban,93.65,18382997,1167320,47366651,2019,July,0
Maharashtra,31-08-2019,Monthly,3.76,26835389.0,52.67,Rural,96.24,27883821,1048432,52940613,2019,August,0
Maharashtra,31-08-2019,Monthly,7.57,16602767.0,37.84,Urban,92.43,17962531,1359764,47469690,2019,August,0
Maharashtra,30-09-2019,Monthly,4.4,25219281.0,49.74,Rural,95.6,26380001,1160720,53035788,2019,September,0
Maharashtra,30-09-2019,Monthly,7.6,17396398.0,39.58,Urban,92.4,18827271,1430873,47567637,2019,September,0
Maharashtra,31-10-2019,Monthly,3.81,24330249.0,47.61,Rural,96.19,25293948,963699,53127386,2019,October,0
Maharashtra,31-10-2019,Monthly,7.51,17221991.0,39.05,Urban,92.49,18620382,1398391,47683436,2019,October,0
Maharashtra,30-11-2019,Monthly,3.68,24881383.0,48.53,Rural,96.32,25832001,950618,53228932,2019,November,0
Maharashtra,30-11-2019,Monthly,7.6,17486683.0,39.61,Urban,92.4,18924982,1438299,47778292,2019,November,0
Maharashtra,31-12-2019,Monthly,3.03,26357625.0,50.98,Rural,96.97,27181216,823591,53317410,2019,December,0
Maharashtra,31-12-2019,Monthly,7.83,16581144.0,37.57,Urban,92.17,17989741,1408597,47883260,2019,December,0
Maharashtra,31-01-2020,Monthly,3.8,25881398.0,50.36,Rural,96.2,26903740,1022342,53422836,2020,January,0
Maharashtra,31-01-2020,Monthly,6.67,16715470.0,37.32,Urban,93.33,17910072,1194602,47990546,2020,January,0
Maharashtra,29-02-2020,Monthly,4.24,25293535.0,49.36,Rural,95.76,26413466,1119931,53511884,2020,February,0
Maharashtra,29-02-2020,Monthly,5.34,17122782.0,37.61,Urban,94.66,18088720,965938,48095506,2020,February,0
Maharashtra,31-03-2020,Monthly,5.38,23130976.0,45.6,Rural,94.62,24446181,1315205,53610045,2020,March,0
Maharashtra,31-03-2020,Monthly,6.34,17065830.0,37.8,Urban,93.66,18221044,1155214,48203821,2020,March,0
Maharashtra,30-04-2020,Monthly,25.28,15014802.0,37.42,Rural,74.72,20094756,5079954,53700578,2020,April,1
Maharashtra,30-04-2020,Monthly,14.99,12674451.0,30.86,Urban,85.01,14909365,2234914,48312912,2020,April,1
Maharashtra,31-05-2020,Monthly,16.89,18423447.0,41.21,Rural,83.11,22167545,3744098,53791666,2020,May,1
Maharashtra,31-05-2020,Monthly,15.92,12365754.0,30.38,Urban,84.08,14707129,2341375,48410563,2020,May,1
Maharashtra,30-06-2020,Monthly,9.4,23601016.0,48.34,Rural,90.6,26049687,2448671,53888470,2020,June,1
Maharashtra,30-06-2020,Monthly,10.01,16172690.0,37.04,Urban,89.99,17971652,1798962,48519580,2020,June,1
Meghalaya,31-05-2019,Monthly,3.16,1119011.0,66.13,Rural,96.84,1155526,36515,1747355,2019,May,0
Meghalaya,31-05-2019,Monthly,8.4,228978.0,47.79,Urban,91.6,249976,20998,523072,2019,May,0
Meghalaya,30-06-2019,Monthly,4.23,1024797.0,61.09,Rural,95.77,1070061,45264,1751613,2019,June,0
Meghalaya,30-06-2019,Monthly,8.66,231252.0,48.29,Urban,91.34,253177,21925,524285,2019,June,0
Meghalaya,31-07-2019,Monthly,1.03,1158511.0,66.67,Rural,98.97,1170568,12057,1755764,2019,July,0
Meghalaya,31-07-2019,Monthly,4.43,284015.0,56.55,Urban,95.57,297180,13165,525517,2019,July,0
Meghalaya,31-08-2019,Monthly,0.52,1065725.0,60.86,Rural,99.48,1071296,5571,1760262,2019,August,0
Meghalaya,31-08-2019,Monthly,5.8,259433.0,52.27,Urban,94.2,275407,15974,526892,2019,August,0
Meghalaya,30-09-2019,Monthly,0.24,1162159.0,66.02,Rural,99.76,1164955,2796,1764548,2019,September,0
Meghalaya,30-09-2019,Monthly,5.3,253887.0,50.77,Urban,94.7,268096,14209,528060,2019,September,0
Meghalaya,31-10-2019,Monthly,3.7,1080609.0,63.44,Rural,96.3,1122128,41519,1768802,2019,October,0
Meghalaya,31-10-2019,Monthly,7.2,234375.0,47.71,Urban,92.8,252559,18184,529363,2019,October,0
Meghalaya,30-11-2019,Monthly,1.5,1205703.0,69.03,Rural,98.5,1224064,18361,1773235,2019,November,0
Meghalaya,30-11-2019,Monthly,3.02,293431.0,57.02,Urban,96.98,302569,9138,530636,2019,November,0
Meghalaya,31-12-2019,Monthly,1.8,1102997.0,63.18,Rural,98.2,1123215,20218,1777801,2019,December,0
Meghalaya,31-12-2019,Monthly,5.21,267417.0,53.04,Urban,94.79,282115,14698,531891,2019,December,0
Meghalaya,31-01-2020,Monthly,0.97,1229406.0,69.66,Rural,99.03,1241448,12042,1782153,2020,January,0
Meghalaya,31-01-2020,Monthly,4.76,261687.0,51.53,Urban,95.24,274766,13079,533215,2020,January,0
Meghalaya,29-02-2020,Monthly,2.76,1112864.0,64.06,Rural,97.24,1144451,31587,1786530,2020,February,0
Meghalaya,29-02-2020,Monthly,7.37,233965.0,47.26,Urban,92.63,252580,18615,534448,2020,February,0
Meghalaya,31-03-2020,Monthly,1.28,1192616.0,67.46,Rural,98.72,1208079,15463,1790809,2020,March,0
Meghalaya,31-03-2020,Monthly,2.8,289735.0,55.64,Urban,97.2,298081,8346,535732,2020,March,0
Meghalaya,30-04-2020,Monthly,8.38,803118.0,48.83,Rural,91.62,876575,73457,1795157,2020,April,1
Meghalaya,30-04-2020,Monthly,17.39,161939.0,36.51,Urban,82.61,196028,34089,536917,2020,April,1
Meghalaya,31-05-2020,Monthly,3.73,992148.0,57.26,Rural,96.27,1030589,38441,1799841,2020,May,1
Meghalaya,31-05-2020,Monthly,14.58,222916.0,48.48,Urban,85.42,260965,38049,538293,2020,May,1
Meghalaya,30-06-2020,Monthly,1.35,1150200.0,64.63,Rural,98.65,1165940,15740,1804023,2020,June,1
Odisha,31-05-2019,Monthly,4.17,11155753.0,40.47,Rural,95.83,11641191,485438,28764988,2019,May,0
Odisha,31-05-2019,Monthly,2.95,2519582.0,41.26,Urban,97.05,2596169,76587,6292218,2019,May,0
Odisha,30-06-2019,Monthly,4.71,10965154.0,39.94,Rural,95.29,11507140,541986,28811067,2019,June,0
Odisha,30-06-2019,Monthly,2.63,2356290.0,38.39,Urban,97.37,2419934,63644,6303554,2019,June,0
Odisha,31-07-2019,Monthly,3.31,12009883.0,43.05,Rural,96.69,12421019,411136,28852541,2019,July,0
Odisha,31-07-2019,Monthly,1.78,2542237.0,40.99,Urban,98.22,2588309,46072,6314489,2019,July,0
Odisha,31-08-2019,Monthly,3.68,11727659.0,42.13,Rural,96.32,12175726,448067,28900370,2019,August,0
Odisha,31-08-2019,Monthly,3.5,2456983.0,40.25,Urban,96.5,2546096,89113,6325705,2019,August,0
Odisha,30-09-2019,Monthly,4.31,11167715.0,40.32,Rural,95.69,11670723,503008,28945246,2019,September,0
Odisha,30-09-2019,Monthly,3.78,2570663.0,42.15,Urban,96.22,2671651,100988,6338438,2019,September,0
Odisha,31-10-2019,Monthly,4.28,11621534.0,41.88,Rural,95.72,12141176,519642,28990392,2019,October,0
Odisha,31-10-2019,Monthly,4.5,2456855.0,40.51,Urban,95.5,2572623,115768,6350588,2019,October,0
Odisha,30-11-2019,Monthly,4.72,12192623.0,44.06,Rural,95.28,12796624,604001,29043631,2019,November,0
Odisha,30-11-2019,Monthly,2.23,2594469.0,41.71,Urban,97.77,2653645,59176,6362132,2019,November,0
Odisha,31-12-2019,Monthly,4.67,11345069.0,40.91,Rural,95.33,11900838,555769,29090291,2019,December,0
Odisha,31-12-2019,Monthly,3.36,2369048.0,38.46,Urban,96.64,2451416,82368,6373935,2019,December,0
Odisha,31-01-2020,Monthly,1.81,11182128.0,39.09,Rural,98.19,11388255,206127,29133424,2020,January,0
Odisha,31-01-2020,Monthly,2.28,2561320.0,41.05,Urban,97.72,2621081,59761,6385093,2020,January,0
Odisha,29-02-2020,Monthly,3.31,11842655.0,41.98,Rural,96.69,12248066,405411,29175955,2020,February,0
Odisha,29-02-2020,Monthly,2.19,2438080.0,38.97,Urban,97.81,2492669,54589,6396380,2020,February,0
Odisha,31-03-2020,Monthly,15.09,9814156.0,39.55,Rural,84.91,11558304,1744148,29224536,2020,March,0
Odisha,31-03-2020,Monthly,3.96,2457952.0,39.93,Urban,96.04,2559300,101348,6409467,2020,March,0
Odisha,30-04-2020,Monthly,24.48,5562449.0,25.16,Rural,75.52,7365531,1803082,29274765,2020,April,1
Odisha,30-04-2020,Monthly,20.5,1303244.0,25.53,Urban,79.5,1639301,336057,6421076,2020,April,1
Odisha,31-05-2020,Monthly,9.45,9683719.0,36.48,Rural,90.55,10694334,1010615,29315607,2020,May,1
Odisha,31-05-2020,Monthly,10.0,1975481.0,34.12,Urban,90.0,2194979,219498,6433115,2020,May,1
Odisha,30-06-2020,Monthly,4.59,10187145.0,36.36,Rural,95.41,10677230,490085,29365319,2020,June,1
Odisha,30-06-2020,Monthly,2.18,2221069.0,35.24,Urban,97.82,2270567,49498,6443154,2020,June,1
Puducherry,31-05-2019,Monthly,0.0,172474.0,43.08,Rural,100.0,172474,0,400357,2019,May,0
Puducherry,31-05-2019,Monthly,1.25,283905.0,35.71,Urban,98.75,287499,3594,805093,2019,May,0
Puducherry,30-06-2019,Monthly,0.0,184527.0,45.95,Rural,100.0,184527,0,401582,2019,June,0
Puducherry,30-06-2019,Monthly,0.0,304369.0,37.73,Urban,100.0,304369,0,806703,2019,June,0
Puducherry,31-07-2019,Monthly,0.0,139227.0,34.56,Rural,100.0,139227,0,402856,2019,July,0
Puducherry,31-07-2019,Monthly,0.0,281117.0,34.77,Urban,100.0,281117,0,808504,2019,July,0
Puducherry,31-08-2019,Monthly,4.85,183930.0,47.83,Rural,95.15,193305,9375,404151,2019,August,0
Puducherry,31-08-2019,Monthly,8.95,312882.0,42.41,Urban,91.05,343638,30756,810275,2019,August,0
Puducherry,30-09-2019,Monthly,0.0,175718.0,43.34,Rural,100.0,175718,0,405441,2019,September,0
Puducherry,30-09-2019,Monthly,1.22,286573.0,35.73,Urban,98.78,290112,3539,811957,2019,September,0
Puducherry,31-10-2019,Monthly,1.18,180283.0,44.85,Rural,98.82,182436,2153,406769,2019,October,0
Puducherry,31-10-2019,Monthly,1.17,312548.0,38.86,Urban,98.83,316248,3700,813814,2019,October,0
Puducherry,30-11-2019,Monthly,0.0,142787.0,35.0,Rural,100.0,142787,0,407963,2019,November,0
Puducherry,30-11-2019,Monthly,1.37,275003.0,34.19,Urban,98.63,278823,3820,815510,2019,November,0
Puducherry,31-12-2019,Monthly,1.99,180808.0,45.07,Rural,98.01,184479,3671,409317,2019,December,0
Puducherry,31-12-2019,Monthly,5.21,313135.0,40.42,Urban,94.79,330346,17211,817284,2019,December,0
Puducherry,31-01-2020,Monthly,0.58,176252.0,43.18,Rural,99.42,177280,1028,410561,2020,January,0
Puducherry,31-01-2020,Monthly,0.57,281698.0,34.59,Urban,99.43,283313,1615,819060,2020,January,0
Puducherry,29-02-2020,Monthly,1.74,183619.0,45.38,Rural,98.26,186871,3252,411791,2020,February,0
Puducherry,29-02-2020,Monthly,1.78,310342.0,38.5,Urban,98.22,315966,5624,820691,2020,February,0
Puducherry,31-03-2020,Monthly,2.31,142176.0,35.23,Rural,97.69,145538,3362,413108,2020,March,0
Puducherry,31-03-2020,Monthly,0.62,278851.0,34.12,Urban,99.38,280591,1740,822364,2020,March,0
Puducherry,30-04-2020,Monthly,74.51,49420.0,46.79,Rural,25.489999999999995,193880,144460,414362,2020,April,1
Puducherry,30-04-2020,Monthly,76.74,68122.0,35.54,Urban,23.260000000000005,292872,224750,824063,2020,April,1
Puducherry,31-05-2020,Monthly,75.0,64538.0,31.25,Urban,25.0,258152,193614,826086,2020,May,1
Puducherry,30-06-2020,Monthly,4.55,234926.0,29.73,Urban,95.45,246125,11199,827866,2020,June,1
Punjab,31-05-2019,Monthly,9.17,6088547.0,44.79,Rural,90.83,6703234,614687,14965915,2019,May,0
Punjab,31-05-2019,Monthly,13.49,3289918.0,40.03,Urban,86.51,3802934,513016,9500209,2019,May,0
Punjab,30-06-2019,Monthly,12.21,6025235.0,45.79,Rural,87.78999999999999,6863236,838001,14988504,2019,June,0
Punjab,30-06-2019,Monthly,13.17,3307798.0,40.02,Urban,86.83,3809511,501713,9519017,2019,June,0
Punjab,31-07-2019,Monthly,9.64,6308129.0,46.5,Rural,90.36,6981108,672979,15013135,2019,July,0
Punjab,31-07-2019,Monthly,11.61,3592442.0,42.62,Urban,88.39,4064308,471866,9536152,2019,July,0
Punjab,31-08-2019,Monthly,6.69,6183427.0,44.08,Rural,93.31,6626757,443330,15033478,2019,August,0
Punjab,31-08-2019,Monthly,11.99,3499863.0,41.61,Urban,88.01,3976665,476802,9556994,2019,August,0
Punjab,30-09-2019,Monthly,8.59,6260971.0,45.49,Rural,91.41,6849328,588357,15056778,2019,September,0
Punjab,30-09-2019,Monthly,15.69,3227178.0,39.97,Urban,84.31,3827752,600574,9576563,2019,September,0
Punjab,31-10-2019,Monthly,12.56,6021921.0,45.66,Rural,87.44,6886918,864997,15083044,2019,October,0
Punjab,31-10-2019,Monthly,13.75,3070438.0,37.1,Urban,86.25,3559928,489490,9595494,2019,October,0
Punjab,30-11-2019,Monthly,7.07,6395022.0,45.55,Rural,92.93,6881547,486525,15107678,2019,November,0
Punjab,30-11-2019,Monthly,10.39,3602243.0,41.82,Urban,89.61,4019912,417669,9612415,2019,November,0
Punjab,31-12-2019,Monthly,6.13,6164215.0,43.4,Rural,93.87,6566757,402542,15130777,2019,December,0
Punjab,31-12-2019,Monthly,11.97,3575778.0,42.17,Urban,88.03,4061999,486221,9632439,2019,December,0
Punjab,31-01-2020,Monthly,9.69,6189471.0,45.22,Rural,90.31,6853583,664112,15156088,2020,January,0
Punjab,31-01-2020,Monthly,13.68,3252622.0,39.04,Urban,86.32,3768098,515476,9651890,2020,January,0
Punjab,29-02-2020,Monthly,10.41,6009820.0,44.19,Rural,89.59,6708137,698317,15180215,2020,February,0
Punjab,29-02-2020,Monthly,11.99,3219227.0,37.82,Urban,88.01,3657797,438570,9671594,2020,February,0
Punjab,31-03-2020,Monthly,10.51,6373692.0,46.85,Rural,89.49,7122239,748547,15202218,2020,March,0
Punjab,31-03-2020,Monthly,9.97,3601793.0,41.29,Urban,90.03,4000659,398866,9689171,2020,March,0
Punjab,30-04-2020,Monthly,3.69,4721590.0,32.2,Rural,96.31,4902492,180902,15225130,2020,April,1
Punjab,30-04-2020,Monthly,1.13,2298975.0,23.95,Urban,98.87,2325250,26275,9708770,2020,April,1
Punjab,31-05-2020,Monthly,40.59,3727366.0,41.14,Rural,59.41,6273971,2546605,15250293,2020,May,1
Punjab,31-05-2020,Monthly,20.54,2682658.0,34.71,Urban,79.46000000000001,3376111,693453,9726624,2020,May,1
Punjab,30-06-2020,Monthly,20.0,5364047.0,43.9,Rural,80.0,6705059,1341012,15273482,2020,June,1
Punjab,30-06-2020,Monthly,10.55,3047750.0,34.96,Urban,89.45,3407211,359461,9746026,2020,June,1
Rajasthan,31-05-2019,Monthly,4.03,15226005.0,38.52,Rural,95.97,15865380,639375,41187383,2019,May,0
Rajasthan,31-05-2019,Monthly,13.62,5108436.0,39.44,Urban,86.38,5913911,805475,14994702,2019,May,0
Rajasthan,30-06-2019,Monthly,13.7,14610564.0,41.02,Rural,86.3,16929970,2319406,41272477,2019,June,0
Rajasthan,30-06-2019,Monthly,14.36,5241174.0,40.73,Urban,85.64,6120007,878833,15025797,2019,June,0
Rajasthan,31-07-2019,Monthly,9.7,14859873.0,39.78,Rural,90.3,16456116,1596243,41367814,2019,July,0
Rajasthan,31-07-2019,Monthly,11.67,5372470.0,40.38,Urban,88.33,6082271,709801,15062583,2019,July,0
Rajasthan,31-08-2019,Monthly,12.5,15052051.0,41.48,Rural,87.5,17202344,2150293,41471418,2019,August,0
Rajasthan,31-08-2019,Monthly,14.71,5195170.0,40.34,Urban,85.28999999999999,6091183,896013,15099611,2019,August,0
Rajasthan,30-09-2019,Monthly,5.45,15419779.0,39.24,Rural,94.55,16308598,888819,41561156,2019,September,0
Rajasthan,30-09-2019,Monthly,12.63,5176819.0,39.15,Urban,87.37,5925168,748349,15134528,2019,September,0
Rajasthan,31-10-2019,Monthly,14.66,15178544.0,42.69,Rural,85.34,17785967,2607423,41663075,2019,October,0
Rajasthan,31-10-2019,Monthly,13.02,5384335.0,40.8,Urban,86.98,6190314,805979,15172338,2019,October,0
Rajasthan,30-11-2019,Monthly,10.47,15278556.0,40.87,Rural,89.53,17065292,1786736,41755058,2019,November,0
Rajasthan,30-11-2019,Monthly,14.3,5306715.0,40.73,Urban,85.7,6192200,885485,15203043,2019,November,0
Rajasthan,31-12-2019,Monthly,13.96,15485307.0,43.0,Rural,86.03999999999999,17997800,2512493,41855349,2019,December,0
Rajasthan,31-12-2019,Monthly,18.04,5109481.0,40.9,Urban,81.96000000000001,6234115,1124634,15242336,2019,December,0
Rajasthan,31-01-2020,Monthly,8.0,15484353.0,40.12,Rural,92.0,16830818,1346465,41951193,2020,January,0
Rajasthan,31-01-2020,Monthly,18.82,5157363.0,41.59,Urban,81.18,6352997,1195634,15275299,2020,January,0
Rajasthan,29-02-2020,Monthly,14.48,15040572.0,41.83,Rural,85.52,17587198,2546626,42044462,2020,February,0
Rajasthan,29-02-2020,Monthly,17.02,5288343.0,41.62,Urban,82.98,6373033,1084690,15312430,2020,February,0
Rajasthan,31-03-2020,Monthly,9.47,15059769.0,39.47,Rural,90.53,16635114,1575345,42146223,2020,March,0
Rajasthan,31-03-2020,Monthly,18.54,4964911.0,39.71,Urban,81.46000000000001,6094907,1129996,15348544,2020,March,0
Rajasthan,30-04-2020,Monthly,12.25,13051219.0,35.21,Rural,87.75,14873184,1821965,42241363,2020,April,1
Rajasthan,30-04-2020,Monthly,35.53,2932923.0,29.57,Urban,64.47,4549283,1616360,15384793,2020,April,1
Rajasthan,31-05-2020,Monthly,10.45,15586833.0,41.11,Rural,89.55,17405732,1818899,42339411,2020,May,1
Rajasthan,31-05-2020,Monthly,25.35,4225486.0,36.71,Urban,74.65,5660397,1434911,15419222,2020,May,1
Rajasthan,30-06-2020,Monthly,13.86,16076978.0,43.98,Rural,86.14,18663778,2586800,42436966,2020,June,1
Rajasthan,30-06-2020,Monthly,13.04,5275784.0,39.26,Urban,86.96000000000001,6066909,791125,15453156,2020,June,1
Sikkim,31-05-2019,Monthly,8.2,89587.0,48.61,Urban,91.8,97589,8002,200760,2019,May,0
Sikkim,30-06-2019,Monthly,7.76,89702.0,48.13,Urban,92.24,97248,7546,202054,2019,June,0
Sikkim,31-07-2019,Monthly,2.56,108334.0,54.67,Urban,97.44,111180,2846,203366,2019,July,0
Sikkim,31-08-2019,Monthly,4.82,90850.0,46.63,Urban,95.18,95451,4601,204698,2019,August,0
Sikkim,30-09-2019,Monthly,4.81,89450.0,45.61,Urban,95.19,93970,4520,206029,2019,September,0
Sikkim,31-10-2019,Monthly,5.48,146688.0,44.06,Rural,94.52,155193,8505,352230,2019,October,0
Sikkim,31-10-2019,Monthly,9.68,87974.0,46.97,Urban,90.32,97403,9429,207372,2019,October,0
Sikkim,30-11-2019,Monthly,13.11,162426.0,53.04,Rural,86.89,186933,24507,352438,2019,November,0
Sikkim,30-11-2019,Monthly,4.04,107751.0,53.8,Urban,95.96,112287,4536,208713,2019,November,0
Sikkim,31-12-2019,Monthly,1.0,161647.0,46.3,Rural,99.0,163280,1633,352656,2019,December,0
Sikkim,31-12-2019,Monthly,7.37,88035.0,45.24,Urban,92.63,95039,7004,210078,2019,December,0
Sikkim,31-03-2020,Monthly,20.45,86186.0,50.57,Urban,79.55,108342,22156,214241,2020,March,0
Sikkim,30-04-2020,Monthly,0.0,133399.0,37.72,Rural,100.0,133399,0,353656,2020,April,1
Sikkim,30-04-2020,Monthly,5.77,81905.0,40.31,Urban,94.23,86920,5015,215630,2020,April,1
Sikkim,31-05-2020,Monthly,19.75,75456.0,43.32,Urban,80.25,94026,18570,217050,2020,May,1
Sikkim,30-06-2020,Monthly,5.81,141313.0,42.36,Rural,94.19,150030,8717,354178,2020,June,1
Sikkim,30-06-2020,Monthly,2.63,76269.0,35.85,Urban,97.37,78329,2060,218491,2020,June,1
Tamil Nadu,31-05-2019,Monthly,0.97,15844698.0,49.44,Rural,99.03,15999897,155199,32362251,2019,May,0
Tamil Nadu,31-05-2019,Monthly,0.89,11798080.0,37.31,Urban,99.11,11904026,105946,31905725,2019,May,0
Tamil Nadu,30-06-2019,Monthly,0.92,16375303.0,50.99,Rural,99.08,16527355,152052,32412933,2019,June,0
Tamil Nadu,30-06-2019,Monthly,1.56,12318745.0,39.16,Urban,98.44,12513963,195218,31955983,2019,June,0
Tamil Nadu,31-07-2019,Monthly,6.01,16455928.0,53.94,Rural,93.99,17508169,1052241,32458600,2019,July,0
Tamil Nadu,31-07-2019,Monthly,3.18,12054414.0,38.89,Urban,96.82,12450335,395921,32014232,2019,July,0
Tamil Nadu,31-08-2019,Monthly,2.91,16463931.0,52.17,Rural,97.09,16957391,493460,32504104,2019,August,0
Tamil Nadu,31-08-2019,Monthly,9.53,11933093.0,41.13,Urban,90.47,13190111,1257018,32069318,2019,August,0
Tamil Nadu,30-09-2019,Monthly,1.71,14595441.0,45.62,Rural,98.29,14849365,253924,32550121,2019,September,0
Tamil Nadu,30-09-2019,Monthly,1.86,11902824.0,37.76,Urban,98.14,12128412,225588,32119736,2019,September,0
Tamil Nadu,31-10-2019,Monthly,1.46,15595647.0,48.55,Rural,98.54,15826717,231070,32598799,2019,October,0
Tamil Nadu,31-10-2019,Monthly,1.13,12223948.0,38.42,Urban,98.87,12363657,139709,32180264,2019,October,0
Tamil Nadu,30-11-2019,Monthly,2.46,16223430.0,50.95,Rural,97.54,16632592,409162,32644930,2019,November,0
Tamil Nadu,30-11-2019,Monthly,2.65,11729952.0,37.38,Urban,97.35,12049257,319305,32234503,2019,November,0
Tamil Nadu,31-12-2019,Monthly,3.73,15356938.0,48.8,Rural,96.27,15951946,595008,32688413,2019,December,0
Tamil Nadu,31-12-2019,Monthly,8.05,12260389.0,41.29,Urban,91.95,13333756,1073367,32292944,2019,December,0
Tamil Nadu,31-01-2020,Monthly,1.18,14954646.0,46.23,Rural,98.82,15133218,178572,32734627,2020,January,0
Tamil Nadu,31-01-2020,Monthly,2.05,11926995.0,37.64,Urban,97.95,12176616,249621,32350201,2020,January,0
Tamil Nadu,29-02-2020,Monthly,1.17,15828488.0,48.86,Rural,98.83,16015874,187386,32779111,2020,February,0
Tamil Nadu,29-02-2020,Monthly,3.31,11742101.0,37.48,Urban,96.69,12144070,401969,32401467,2020,February,0
Tamil Nadu,31-03-2020,Monthly,6.36,15848590.0,51.56,Rural,93.64,16925021,1076431,32825875,2020,March,0
Tamil Nadu,31-03-2020,Monthly,6.46,10982178.0,36.17,Urban,93.54,11740622,758444,32459558,2020,March,0
Tamil Nadu,30-04-2020,Monthly,53.19,5086200.0,33.05,Rural,46.81,10865627,5779427,32876330,2020,April,1
Tamil Nadu,30-04-2020,Monthly,45.55,4632967.0,26.17,Urban,54.45,8508663,3875696,32513042,2020,April,1
Tamil Nadu,31-05-2020,Monthly,38.73,5768342.0,28.6,Rural,61.27,9414627,3646285,32918276,2020,May,1
Tamil Nadu,31-05-2020,Monthly,25.95,5733921.0,23.77,Urban,74.05,7743310,2009389,32575978,2020,May,1
Tamil Nadu,30-06-2020,Monthly,2.06,10169115.0,31.49,Rural,97.94,10383005,213890,32972388,2020,June,1
Tamil Nadu,30-06-2020,Monthly,24.93,7741005.0,31.6,Urban,75.07,10311716,2570711,32632012,2020,June,1
Telangana,31-05-2019,Monthly,2.23,11053353.0,61.74,Rural,97.77,11305465,252112,18311411,2019,May,0
Telangana,31-05-2019,Monthly,1.52,5560649.0,44.59,Urban,98.48,5646475,85826,12663098,2019,May,0
Telangana,30-06-2019,Monthly,5.92,10728822.0,62.19,Rural,94.08,11403935,675113,18337249,2019,June,0
Telangana,30-06-2019,Monthly,1.43,5683349.0,45.43,Urban,98.57,5765800,82451,12691613,2019,June,0
Telangana,31-07-2019,Monthly,2.45,11538688.0,64.4,Rural,97.55,11828486,289798,18367214,2019,July,0
Telangana,31-07-2019,Monthly,3.73,5432503.0,44.36,Urban,96.27,5642986,210483,12720889,2019,July,0
Telangana,31-08-2019,Monthly,1.4,10743959.0,59.23,Rural,98.6,10896510,152551,18396944,2019,August,0
Telangana,31-08-2019,Monthly,4.19,5544693.0,45.39,Urban,95.81,5787176,242483,12749891,2019,August,0
Telangana,30-09-2019,Monthly,5.49,12636415.0,72.57,Rural,94.51,13370453,734038,18424215,2019,September,0
Telangana,30-09-2019,Monthly,6.19,5668785.0,47.28,Urban,93.81,6042837,374052,12780957,2019,September,0
Telangana,31-10-2019,Monthly,7.29,11375354.0,66.49,Rural,92.71,12269824,894470,18453638,2019,October,0
Telangana,31-10-2019,Monthly,6.74,5318341.0,44.51,Urban,93.26,5702703,384362,12812184,2019,October,0
Telangana,30-11-2019,Monthly,6.47,11265828.0,65.17,Rural,93.53,12045149,779321,18482659,2019,November,0
Telangana,30-11-2019,Monthly,5.23,5338119.0,43.87,Urban,94.77,5632710,294591,12839548,2019,November,0
Telangana,31-12-2019,Monthly,1.35,11068056.0,60.61,Rural,98.65,11219520,151464,18511004,2019,December,0
Telangana,31-12-2019,Monthly,4.22,5317782.0,43.13,Urban,95.78,5552080,234298,12872895,2019,December,0
Telangana,31-01-2020,Monthly,5.02,12065915.0,68.51,Rural,94.98,12703638,637723,18542749,2020,January,0
Telangana,31-01-2020,Monthly,6.49,5543380.0,45.95,Urban,93.51,5928115,384735,12901229,2020,January,0
Telangana,29-02-2020,Monthly,9.02,11304474.0,66.92,Rural,90.98,12425230,1120756,18567289,2020,February,0
Telangana,29-02-2020,Monthly,6.74,5521496.0,45.78,Urban,93.26,5920540,399044,12932592,2020,February,0
Telangana,31-03-2020,Monthly,5.63,12028377.0,68.53,Rural,94.37,12745975,717598,18599118,2020,March,0
Telangana,31-03-2020,Monthly,6.1,5313236.0,43.65,Urban,93.9,5658398,345162,12963112,2020,March,0
Telangana,30-04-2020,Monthly,4.51,8793799.0,49.44,Rural,95.49,9209131,415332,18626883,2020,April,1
Telangana,30-04-2020,Monthly,10.5,3378431.0,29.05,Urban,89.5,3774783,396352,12994090,2020,April,1
Telangana,31-05-2020,Monthly,34.01,7508747.0,61.0,Rural,65.99000000000001,11378613,3869866,18653465,2020,May,1
Telangana,31-05-2020,Monthly,36.57,3108830.0,37.63,Urban,63.43,4901198,1792368,13024709,2020,May,1
Telangana,30-06-2020,Monthly,19.3,8891181.0,58.97,Rural,80.7,11017572,2126391,18683352,2020,June,1
Telangana,30-06-2020,Monthly,6.92,4577995.0,37.68,Urban,93.08,4918344,340349,13052931,2020,June,1
Tripura,31-05-2019,Monthly,29.25,1019549.0,64.47,Rural,70.75,1441059,421510,2235239,2019,May,0
Tripura,31-05-2019,Monthly,34.69,423127.0,69.5,Urban,65.31,647875,224748,932194,2019,May,0
Tripura,30-06-2019,Monthly,26.64,1107013.0,67.4,Rural,73.36,1509014,402001,2238894,2019,June,0
Tripura,30-06-2019,Monthly,25.59,408738.0,58.8,Urban,74.41,549305,140567,934193,2019,June,0
Tripura,31-07-2019,Monthly,22.47,1052597.0,60.54,Rural,77.53,1357664,305067,2242590,2019,July,0
Tripura,31-07-2019,Monthly,25.81,410583.0,59.1,Urban,74.19,553421,142838,936414,2019,July,0
Tripura,31-08-2019,Monthly,25.49,975501.0,58.29,Rural,74.51,1309222,333721,2246048,2019,August,0
Tripura,31-08-2019,Monthly,33.45,368977.0,59.07,Urban,66.55,554436,185459,938608,2019,August,0
Tripura,30-09-2019,Monthly,30.23,1034408.0,65.9,Rural,69.77,1482597,448189,2249768,2019,September,0
Tripura,30-09-2019,Monthly,33.57,418043.0,66.9,Urban,66.43,629299,211256,940655,2019,September,0
Tripura,31-10-2019,Monthly,27.54,1113764.0,68.21,Rural,72.46000000000001,1537074,423310,2253444,2019,October,0
Tripura,31-10-2019,Monthly,26.67,414808.0,60.0,Urban,73.33,565673,150865,942788,2019,October,0
Tripura,30-11-2019,Monthly,25.25,1084633.0,64.29,Rural,74.75,1451014,366381,2256982,2019,November,0
Tripura,30-11-2019,Monthly,27.15,427700.0,62.14,Urban,72.85,587097,159397,944797,2019,November,0
Tripura,31-12-2019,Monthly,26.53,1046878.0,63.02,Rural,73.47,1424905,378027,2261037,2019,December,0
Tripura,31-12-2019,Monthly,33.48,399427.0,63.41,Urban,66.52000000000001,600462,201035,946951,2019,December,0
Tripura,31-01-2020,Monthly,31.91,1057975.0,68.61,Rural,68.09,1553789,495814,2264669,2020,January,0
Tripura,31-01-2020,Monthly,34.37,450155.0,72.26,Urban,65.63,685898,235743,949209,2020,January,0
Tripura,29-02-2020,Monthly,26.22,1169347.0,69.88,Rural,73.78,1584911,415564,2268046,2020,February,0
Tripura,29-02-2020,Monthly,33.88,415339.0,66.04,Urban,66.12,628159,212820,951180,2020,February,0
Tripura,31-03-2020,Monthly,31.61,1060946.0,68.28,Rural,68.39,1551317,490371,2271994,2020,March,0
Tripura,31-03-2020,Monthly,25.69,450271.0,63.56,Urban,74.31,605936,155665,953329,2020,March,0
Tripura,30-04-2020,Monthly,43.64,675083.0,52.63,Rural,56.36,1197805,522722,2275898,2020,April,1
Tripura,30-04-2020,Monthly,34.88,296431.0,47.65,Urban,65.12,455207,158776,955314,2020,April,1
Tripura,31-05-2020,Monthly,14.71,911789.0,46.9,Rural,85.28999999999999,1069046,157257,2279415,2020,May,1
Tripura,31-05-2020,Monthly,16.78,384999.0,48.31,Urban,83.22,462628,77629,957624,2020,May,1
Tripura,30-06-2020,Monthly,18.84,1106978.0,59.74,Rural,81.16,1363945,256967,2283136,2020,June,1
Tripura,30-06-2020,Monthly,27.47,391015.0,56.17,Urban,72.53,539108,148093,959779,2020,June,1
Uttar Pradesh,31-05-2019,Monthly,10.26,43287808.0,39.96,Rural,89.74,48236916,4949108,120713002,2019,May,0
Uttar Pradesh,31-05-2019,Monthly,14.4,13391244.0,40.43,Urban,85.6,15643977,2252733,38693981,2019,May,0
Uttar Pradesh,30-06-2019,Monthly,11.13,42276572.0,39.32,Rural,88.87,47571252,5294680,120984874,2019,June,0
Uttar Pradesh,30-06-2019,Monthly,11.62,13624452.0,39.75,Urban,88.38,15415764,1791312,38781796,2019,June,0
Uttar Pradesh,31-07-2019,Monthly,9.19,42697000.0,38.78,Rural,90.81,47017950,4320950,121242779,2019,July,0
Uttar Pradesh,31-07-2019,Monthly,11.8,13862431.0,40.43,Urban,88.2,15717042,1854611,38874702,2019,July,0
Uttar Pradesh,31-08-2019,Monthly,11.47,43298746.0,40.24,Rural,88.53,48908558,5609812,121542141,2019,August,0
Uttar Pradesh,31-08-2019,Monthly,14.73,13580241.0,40.87,Urban,85.27,15926165,2345924,38967862,2019,August,0
Uttar Pradesh,30-09-2019,Monthly,6.45,44198762.0,38.79,Rural,93.55,47246138,3047376,121799788,2019,September,0
Uttar Pradesh,30-09-2019,Monthly,13.58,13522970.0,40.07,Urban,86.42,15647963,2124993,39051568,2019,September,0
Uttar Pradesh,31-10-2019,Monthly,10.18,42833265.0,39.07,Rural,89.82,47687892,4854627,122057570,2019,October,0
Uttar Pradesh,31-10-2019,Monthly,10.35,13938303.0,39.71,Urban,89.65,15547466,1609163,39152520,2019,October,0
Uttar Pradesh,30-11-2019,Monthly,6.94,43261530.0,38.01,Rural,93.06,46487782,3226252,122304083,2019,November,0
Uttar Pradesh,30-11-2019,Monthly,11.31,14128888.0,40.6,Urban,88.69,15930644,1801756,39238039,2019,November,0
Uttar Pradesh,31-12-2019,Monthly,8.43,44640087.0,39.77,Rural,91.57,48749685,4109598,122579043,2019,December,0
Uttar Pradesh,31-12-2019,Monthly,12.37,13857200.0,40.21,Urban,87.63,15813306,1956106,39326799,2019,December,0
Uttar Pradesh,31-01-2020,Monthly,6.06,45777509.0,39.67,Rural,93.94,48730582,2953073,122839885,2020,January,0
Uttar Pradesh,31-01-2020,Monthly,12.34,13656250.0,39.52,Urban,87.66,15578656,1922406,39419677,2020,January,0
Uttar Pradesh,29-02-2020,Monthly,8.12,44257432.0,39.13,Rural,91.88,48168733,3911301,123099241,2020,February,0
Uttar Pradesh,29-02-2020,Monthly,11.65,13803099.0,39.54,Urban,88.35,15623202,1820103,39512398,2020,February,0
Uttar Pradesh,31-03-2020,Monthly,9.37,43086706.0,38.53,Rural,90.63,47541328,4454622,123387824,2020,March,0
Uttar Pradesh,31-03-2020,Monthly,12.32,13889632.0,40.0,Urban,87.68,15841277,1951645,39603193,2020,March,0
Uttar Pradesh,30-04-2020,Monthly,19.92,39970677.0,40.37,Rural,80.08,49913433,9942756,123639913,2020,April,1
Uttar Pradesh,30-04-2020,Monthly,26.94,10944379.0,37.74,Urban,73.06,14979988,4035609,39692601,2020,April,1
Uttar Pradesh,31-05-2020,Monthly,16.89,38640999.0,37.52,Rural,83.11,46493802,7852803,123917383,2020,May,1
Uttar Pradesh,31-05-2020,Monthly,32.06,11111486.0,41.1,Urban,67.94,16354851,5243365,39792826,2020,May,1
Uttar Pradesh,30-06-2020,Monthly,8.51,41908909.0,36.89,Rural,91.49,45807093,3898184,124172113,2020,June,1
Uttar Pradesh,30-06-2020,Monthly,13.05,13208724.0,38.09,Urban,86.95,15191172,1982448,39882310,2020,June,1
Uttarakhand,31-05-2019,Monthly,1.63,2108044.0,37.47,Rural,98.37,2142974,34930,5719174,2019,May,0
Uttarakhand,31-05-2019,Monthly,9.17,676797.0,26.33,Urban,90.83,745125,68328,2829947,2019,May,0
Uttarakhand,30-06-2019,Monthly,4.65,2021553.0,37.01,Rural,95.35,2120139,98586,5728558,2019,June,0
Uttarakhand,30-06-2019,Monthly,4.69,906889.0,33.54,Urban,95.31,951515,44626,2836956,2019,June,0
Uttarakhand,31-07-2019,Monthly,5.74,2000524.0,36.97,Rural,94.26,2122347,121823,5740727,2019,July,0
Uttarakhand,31-07-2019,Monthly,6.94,859900.0,32.48,Urban,93.06,924028,64128,2844912,2019,July,0
Uttarakhand,31-08-2019,Monthly,6.11,1911380.0,35.39,Rural,93.89,2035765,124385,5752374,2019,August,0
Uttarakhand,31-08-2019,Monthly,7.43,823967.0,31.21,Urban,92.57,890102,66135,2851975,2019,August,0
Uttarakhand,30-09-2019,Monthly,3.47,2157845.0,38.79,Rural,96.53,2235414,77569,5762861,2019,September,0
Uttarakhand,30-09-2019,Monthly,9.62,711150.0,27.51,Urban,90.38,786844,75694,2860212,2019,September,0
Uttarakhand,31-10-2019,Monthly,4.83,2027662.0,36.9,Rural,95.17,2130568,102906,5773898,2019,October,0
Uttarakhand,31-10-2019,Monthly,4.72,925174.0,33.87,Urban,95.28,971005,45831,2866860,2019,October,0
Uttarakhand,30-11-2019,Monthly,5.56,2007113.0,36.73,Rural,94.44,2125278,118165,5786220,2019,November,0
Uttarakhand,30-11-2019,Monthly,6.34,904903.0,33.61,Urban,93.66,966157,61254,2874613,2019,November,0
Uttarakhand,31-12-2019,Monthly,4.52,1947566.0,35.19,Rural,95.48,2039763,92197,5796429,2019,December,0
Uttarakhand,31-12-2019,Monthly,7.39,844779.0,31.65,Urban,92.61,912190,67411,2882116,2019,December,0
Uttarakhand,31-01-2020,Monthly,4.17,1986386.0,35.69,Rural,95.83,2072823,86437,5807853,2020,January,0
Uttarakhand,31-01-2020,Monthly,8.92,725253.0,27.55,Urban,91.08,796281,71028,2890313,2020,January,0
Uttarakhand,29-02-2020,Monthly,4.85,2057523.0,37.16,Rural,95.15,2162399,104876,5819159,2020,February,0
Uttarakhand,29-02-2020,Monthly,5.28,963408.0,35.11,Urban,94.72,1017111,53703,2896928,2020,February,0
Uttarakhand,31-03-2020,Monthly,8.15,889245.0,33.33,Urban,91.85,968149,78904,2904738,2020,March,0
Uttarakhand,30-04-2020,Monthly,3.66,1972074.0,35.04,Rural,96.34,2046994,74920,5841878,2020,April,1
Uttarakhand,30-04-2020,Monthly,13.18,748041.0,29.59,Urban,86.82,861600,113559,2911794,2020,April,1
Uttarakhand,31-05-2020,Monthly,3.57,1915482.0,33.94,Rural,96.43,1986396,70914,5852670,2020,May,1
Uttarakhand,31-05-2020,Monthly,17.36,778590.0,32.27,Urban,82.64,942147,163557,2919574,2020,May,1
Uttarakhand,30-06-2020,Monthly,10.71,1675441.0,32.0,Rural,89.28999999999999,1876404,200963,5863762,2020,June,1
Uttarakhand,30-06-2020,Monthly,5.08,989470.0,35.61,Urban,94.92,1042425,52955,2927338,2020,June,1
West Bengal,31-05-2019,Monthly,6.02,23452875.0,46.41,Rural,93.98,24955177,1502302,53771120,2019,May,0
West Bengal,31-05-2019,Monthly,7.25,11306177.0,46.37,Urban,92.75,12189948,883771,26288437,2019,May,0
West Bengal,30-06-2019,Monthly,5.85,25543465.0,50.36,Rural,94.15,27130605,1587140,53873323,2019,June,0
West Bengal,30-06-2019,Monthly,7.38,10611498.0,43.51,Urban,92.62,11457027,845529,26331939,2019,June,0
West Bengal,31-07-2019,Monthly,5.62,24857807.0,48.78,Rural,94.38,26338003,1480196,53993446,2019,July,0
West Bengal,31-07-2019,Monthly,7.91,10779829.0,44.38,Urban,92.09,11705754,925925,26376192,2019,July,0
West Bengal,31-08-2019,Monthly,5.58,24924827.0,48.79,Rural,94.42,26397826,1472999,54104992,2019,August,0
West Bengal,31-08-2019,Monthly,7.27,11456493.0,46.77,Urban,92.73,12354678,898185,26415818,2019,August,0
West Bengal,30-09-2019,Monthly,5.26,25610773.0,49.87,Rural,94.74,27032693,1421920,54206322,2019,September,0
West Bengal,30-09-2019,Monthly,7.79,11158649.0,45.74,Urban,92.21,12101344,942695,26456807,2019,September,0
West Bengal,31-10-2019,Monthly,6.78,24353018.0,48.09,Rural,93.22,26124242,1771224,54323646,2019,October,0
West Bengal,31-10-2019,Monthly,7.83,10563686.0,43.25,Urban,92.17,11461089,897403,26499628,2019,October,0
West Bengal,30-11-2019,Monthly,5.83,25630359.0,50.0,Rural,94.17,27217117,1586758,54434234,2019,November,0
West Bengal,30-11-2019,Monthly,6.61,10768462.0,43.44,Urban,93.39,11530637,762175,26543824,2019,November,0
West Bengal,31-12-2019,Monthly,5.79,24906239.0,48.47,Rural,94.21,26436938,1530699,54542888,2019,December,0
West Bengal,31-12-2019,Monthly,7.24,11335696.0,45.97,Urban,92.76,12220457,884761,26583548,2019,December,0
West Bengal,31-01-2020,Monthly,6.79,24612171.0,48.3,Rural,93.21,26405076,1792905,54668894,2020,January,0
West Bengal,31-01-2020,Monthly,7.27,11208617.0,45.39,Urban,92.73,12087369,878752,26630026,2020,January,0
West Bengal,29-02-2020,Monthly,3.78,26093009.0,49.51,Rural,96.22,27118072,1025063,54772919,2020,February,0
West Bengal,29-02-2020,Monthly,7.55,10871168.0,44.09,Urban,92.45,11758970,887802,26670379,2020,February,0
West Bengal,31-03-2020,Monthly,7.02,25097812.0,49.18,Rural,92.98,26992700,1894888,54885522,2020,March,0
West Bengal,31-03-2020,Monthly,6.67,10806105.0,43.34,Urban,93.33,11578383,772278,26715236,2020,March,0
West Bengal,30-04-2020,Monthly,18.32,17639370.0,39.27,Rural,81.68,21595703,3956333,54992877,2020,April,1
West Bengal,30-04-2020,Monthly,15.63,9299466.0,41.2,Urban,84.37,11022243,1722777,26753016,2020,April,1
West Bengal,31-05-2020,Monthly,18.43,19115772.0,42.53,Rural,81.57,23434807,4319035,55101827,2020,May,1
West Bengal,31-05-2020,Monthly,15.22,9240903.0,40.67,Urban,84.78,10899862,1658959,26800743,2020,May,1
West Bengal,30-06-2020,Monthly,4.94,21225887.0,40.44,Rural,95.06,22328936,1103049,55214976,2020,June,1
West Bengal,30-06-2020,Monthly,9.86,9088931.0,37.57,Urban,90.14,10083127,994196,26838242,2020,June,1
